Name,Category,Importance,Latitude,Longitude,City/Town
CSIR-Indian Institute of Integrative Medicine,Higher Education,High,34.0330134,74.7993337,Greater Kashmir Region
amar singh college,Higher Education,High,34.0597975,74.8097741,Greater Kashmir Region
University of Kashmir (South Campus),Higher Education,High,33.7271207,75.1672013,Greater Kashmir Region
"Govt High School, Diver",Higher Education,High,34.4555874,74.4495512,Greater Kashmir Region
"Government degree college, Ganderbal",Higher Education,High,34.2092872,74.7694434,Greater Kashmir Region
Kite polytechnic,Higher Education,High,34.0027131,74.7848859,Budgam
"Government degree college, Bemina",Higher Education,High,34.079679,74.7780504,Greater Kashmir Region
SKIMS Medical College,Higher Education,High,34.0874977,74.7603226,Greater Kashmir Region
Government medical college anantnag,Higher Education,High,33.6685982,75.1709518,Greater Kashmir Region
Government Medical College (GMC) Baramulla,Higher Education,High,34.2041238,74.3649602,Greater Kashmir Region
National Institute of Fashion Technology (NIFT),Higher Education,High,33.9994241,74.792002,"Rangreth, Budgam"
Cluster University Srinagar,Higher Education,High,34.0617973,74.8072269,Greater Kashmir Region
NIELIT Srinagar,Higher Education,High,33.9963669,74.7906205,Greater Kashmir Region
Bibi Halima College of Nursing and Medical Technology,Higher Education,High,34.0866804,74.7960149,Greater Kashmir Region
"Government Medical College, Anantnag",Higher Education,High,33.7238425,75.1526959,Greater Kashmir Region
Government Degree CollegeFor Women Zakura,Higher Education,High,34.1554852,74.84116,Greater Kashmir Region
Zain-Ul-Abedin Budshah Gate University of Kashmir,Higher Education,High,34.1378846,74.8397908,Greater Kashmir Region
University of Kashmir Zakura Campus,Higher Education,High,34.148191,74.8334752,Greater Kashmir Region
Maulana Rumi Gate University of Kashmir,Higher Education,High,34.1317773,74.8410874,Srinagar
University of Kashmir Sir Syed Gate,Higher Education,High,34.1278044,74.836567,Greater Kashmir Region
Govt. Degree College Hyderpora,Higher Education,High,34.0380288,74.7887283,Greater Kashmir Region
"Govt. Polytechnic , IUST",Higher Education,High,33.9089827,75.0179977,Greater Kashmir Region
GDC Bandipora,Higher Education,High,34.4244966,74.5905892,Greater Kashmir Region
Degree College Gurez,Higher Education,High,34.6339177,74.816197,Greater Kashmir Region
Islamia Oriental College,Higher Education,High,33.9298464,75.1155099,Greater Kashmir Region
شری پرتاپ کالج,Higher Education,High,34.0741446,74.8164733,Greater Kashmir Region
Indian Institute of Management (IIM) Jammu Srinagar Campus,Higher Education,High,34.0298635,74.8322251,Greater Kashmir Region
"Govt. ITI, Tral",Higher Education,High,33.9474838,75.1401744,Greater Kashmir Region
"Govt. Degree College, Tral",Higher Education,High,33.944996,75.1319864,Greater Kashmir Region
S.M. Iqbal Business School,Higher Education,High,34.0031723,74.7809321,Greater Kashmir Region
Green Valley College of Education,Higher Education,High,33.9602892,74.9757971,Greater Kashmir Region
Ramazan College of Education,Higher Education,High,34.0239463,74.8200211,Srinagar
Masterpro Institute Of Technology,Higher Education,High,34.0293971,74.840136,Srinagar
Skylark Institute of Paramedical Sciences,Higher Education,High,33.8892957,74.8964318,Greater Kashmir Region
"Govt. Degree College Boys, Pulwama",Higher Education,High,33.8863673,74.8972228,Greater Kashmir Region
Govt Degree College Magam,Higher Education,High,34.0962557,74.5840969,Greater Kashmir Region
NATIONAL INSTITUTE OF EDUCATION AND TECHNOLOGY,Higher Education,High,34.0759513,74.5847663,Greater Kashmir Region
"Noorani Paramedical College, Dangerpora Pulwama",Higher Education,High,33.8716789,74.9165759,Pulwama
Govt. Degree College for Women Baramulla,Higher Education,High,34.2054659,74.3441269,Greater Kashmir Region
Kidney College of Nursing,Higher Education,High,34.1724783,74.8210268,Greater Kashmir Region
SET Paramedical College,Higher Education,High,33.7751188,75.1072064,Greater Kashmir Region
erc eye care,Major Hospital,High,34.0846701,74.7956011,Greater Kashmir Region
sub dist hospi tal khansahib,Major Hospital,High,33.9431534,74.7065201,Greater Kashmir Region
Government Sub District Hospital,Major Hospital,High,33.9435165,74.7998147,Greater Kashmir Region
primary health center,Major Hospital,High,33.8642746,75.2786722,Greater Kashmir Region
Govt. Unani Hospital,Major Hospital,High,34.1095686,74.7495608,Greater Kashmir Region
Govt. GB Pant Childrens Hospital,Major Hospital,High,34.0687752,74.8435238,Greater Kashmir Region
Sub-District Hospital Nehama,Major Hospital,High,33.6361671,74.8916369,Greater Kashmir Region
Bone and Joint Hospital,Major Hospital,High,34.0485234,74.804566,Greater Kashmir Region
Casualty,Major Hospital,High,34.0478706,74.8057865,Greater Kashmir Region
Disst Hospital Doda,Major Hospital,High,33.1427505,75.5503178,Doda
District Hospital,Major Hospital,High,33.1443798,75.5436511,Greater Kashmir Region
St. Joseph's Hospital,Major Hospital,High,34.2036558,74.3520623,Greater Kashmir Region
Altaf Nursing Home,Major Hospital,High,34.2066948,74.341186,Greater Kashmir Region
"Florence Hospital, Srinagar",Major Hospital,High,34.0388535,74.8090303,Greater Kashmir Region
Hakim Sana Ullah Specialist Hospital and Cancer Center,Major Hospital,High,34.2794977,74.4317293,Greater Kashmir Region
Al-Aziz Hospital,Major Hospital,High,34.0835723,74.8207194,Greater Kashmir Region
The New City Hospital,Major Hospital,High,34.0612131,74.7842541,Greater Kashmir Region
Sheikh Ul Alam Hospital,Major Hospital,High,34.0805621,74.8014919,Greater Kashmir Region
Mubarak Hospital,Major Hospital,High,34.0401871,74.7890988,Greater Kashmir Region
Ahmed Hospital and Nursing Homes,Major Hospital,High,34.0263103,74.8202875,Srinagar
Ramzan Hospital,Major Hospital,High,34.0611159,74.8098242,Greater Kashmir Region
Jhon Bishop Memorial Hospital,Major Hospital,High,33.7344325,75.1657507,Greater Kashmir Region
Sopore Sub District Hospital,Major Hospital,High,34.2929452,74.4550203,Greater Kashmir Region
Tahira Khanams Hospital and Nursing Home,Major Hospital,High,34.0675073,74.8027821,Greater Kashmir Region
Bone and Joint Hospital,Major Hospital,High,34.0473558,74.8061804,Greater Kashmir Region
G.B. Panth Children Hospital,Major Hospital,High,34.0688716,74.8439607,Srinagar
Classic Hospital and Diagnostic Center,Major Hospital,High,34.0454156,74.7891699,Greater Kashmir Region
"District Hospital, Ganderbal",Major Hospital,High,34.2099313,74.7769273,Greater Kashmir Region
"Government Hospital, Shahgund Sonawari",Major Hospital,High,34.2784884,74.5674335,Greater Kashmir Region
Konibal,Major Hospital,High,34.0132876,74.9491845,Greater Kashmir Region
"Sub District Hospital, Qaimoh",Major Hospital,High,33.7189169,75.0838327,Greater Kashmir Region
"Sub-District hospital, Kremshore",Major Hospital,High,33.9568415,74.7197049,Greater Kashmir Region
"Sub District hospital, Khansahib",Major Hospital,High,33.9329115,74.6611415,Greater Kashmir Region
"Sub District hospital, Dawar",Major Hospital,High,34.6336787,74.8299983,Greater Kashmir Region
TARIGAM,Major Hospital,High,33.709115,75.034779,Greater Kashmir Region
"Sub District Hospital, Damhal Hanji Pora",Major Hospital,High,33.6105784,74.9229502,Greater Kashmir Region
"Sub District hospital, Pattan",Major Hospital,High,34.1596681,74.5546264,Greater Kashmir Region
"District hospital, Beerwah",Major Hospital,High,34.017336,74.5888907,Greater Kashmir Region
"Sub District Hospital, Tral",Major Hospital,High,33.9247372,75.1206691,Greater Kashmir Region
"Government Pediatric Hospital, Sopore",Major Hospital,High,34.2850498,74.4639353,Greater Kashmir Region
District Hospital Pulwama,Major Hospital,High,33.87836,74.899965,Greater Kashmir Region
Pinjura Primary hospital,Major Hospital,High,33.7325215,74.8566705,Greater Kashmir Region
"Sub-District hospital, Chadoora",Major Hospital,High,33.9428477,74.7993976,Greater Kashmir Region
"Sub District hospital, Shangus",Major Hospital,High,33.6982602,75.2867092,Greater Kashmir Region
Kupwara District Hospital,Major Hospital,High,34.5295609,74.256972,Greater Kashmir Region
Government Maternity Hospital,Major Hospital,High,34.2639199,74.7952302,Greater Kashmir Region
North Kashmir Nursing Home & Hospital,Major Hospital,High,34.4071818,74.2918058,Greater Kashmir Region
Sub District Hospital,Major Hospital,High,34.0632306,74.4265609,Greater Kashmir Region
Govt. Hospital Hafthrada,Major Hospital,High,34.4508037,74.0770902,Greater Kashmir Region
Kashmir Tibbia College Hospital & Research Centre,Major Hospital,High,34.1992227,74.6598968,Greater Kashmir Region
Tuberculosis Hospital,Major Hospital,High,34.284514,74.464589,Greater Kashmir Region
Quality Healthcare Hospital,Major Hospital,High,34.411414,74.2298888,Greater Kashmir Region
Public Health Centre,Major Hospital,High,34.1160246,74.4340471,Greater Kashmir Region
Brath Hospital,Major Hospital,High,34.3634117,74.4246553,Greater Kashmir Region
Government Hospital,Major Hospital,High,34.4703925,74.1182063,Greater Kashmir Region
MM Hospital,Major Hospital,High,34.174753,74.542508,Greater Kashmir Region
M.M. Hospital,Major Hospital,High,34.2890603,74.457919,Greater Kashmir Region
Qalamabad Hospital,Major Hospital,High,34.354851,74.232454,Greater Kashmir Region
Bomai Hospital,Major Hospital,High,34.3593462,74.4204197,Greater Kashmir Region
Government Hospital,Major Hospital,High,34.477619,74.151102,Greater Kashmir Region
"Hospital, Naidkhai",Major Hospital,High,34.2480138,74.5800329,Greater Kashmir Region
Sahara Hospital,Major Hospital,High,34.187016,74.527112,Greater Kashmir Region
Guru Multispeciality Hospital,Major Hospital,High,34.290921,74.459256,Greater Kashmir Region
District Maternity and Children Hospital,Major Hospital,High,34.20869,74.343983,Greater Kashmir Region
Government Hospital,Major Hospital,High,34.513335,74.170981,Greater Kashmir Region
Government Hospital,Major Hospital,High,34.3741321,74.6810961,Greater Kashmir Region
Kangan Trauma Hospital,Major Hospital,High,34.2624955,74.9018597,Greater Kashmir Region
Government Health Centre,Major Hospital,High,34.1501736,74.6155221,Greater Kashmir Region
Masjid Sharief Hospital,Major Hospital,High,34.2023137,74.364661,Greater Kashmir Region
Mother and Child Care Hospital,Major Hospital,High,34.2623747,74.9023888,Greater Kashmir Region
Trauma Hospital,Major Hospital,High,34.317653,74.371815,Greater Kashmir Region
Unani Hospital,Major Hospital,High,34.140298,74.838097,Greater Kashmir Region
Unani Panchkarma Hospital,Major Hospital,High,34.5262469,74.2545495,Greater Kashmir Region
District Hospital,Major Hospital,High,34.4182511,74.6428078,Greater Kashmir Region
Alaie Hospital,Major Hospital,High,34.1314541,74.6689746,Greater Kashmir Region
Government Health Centre,Major Hospital,High,34.328458,74.485795,Greater Kashmir Region
Government Hospital,Major Hospital,High,34.2446428,74.3800579,Greater Kashmir Region
Ess Bee Hospital,Major Hospital,High,34.5251704,74.2537464,Greater Kashmir Region
Sub Hospital,Major Hospital,High,34.3180152,74.3717768,Greater Kashmir Region
Unani Hospital,Major Hospital,High,34.4327701,74.6117649,Greater Kashmir Region
Government Hospital,Major Hospital,High,34.221545,75.015865,Greater Kashmir Region
Sub District Hospital,Major Hospital,High,34.0945399,74.5915451,Greater Kashmir Region
Sub District Hospital,Major Hospital,High,34.0780092,74.0568786,Greater Kashmir Region
Child Care Hospital,Major Hospital,High,34.3962534,74.28382,Greater Kashmir Region
Meeran Memorial Hospital,Major Hospital,High,34.217028,74.7731054,Greater Kashmir Region
Sub District Hospital,Major Hospital,High,34.395847,73.86296,Greater Kashmir Region
Base Camp Hospital,Major Hospital,High,34.2566698,75.4137597,Greater Kashmir Region
Max Superspeciality Hospital,Major Hospital,High,34.071867,74.8048938,Greater Kashmir Region
Haya Unani Hospital,Major Hospital,High,34.0776354,74.7951303,Greater Kashmir Region
Leprosy Hospital,Major Hospital,High,34.1153904,74.8273085,Greater Kashmir Region
New Sub District Hospital,Major Hospital,High,34.045302,74.733019,Greater Kashmir Region
Government Unani Hospital Shalteng,Major Hospital,High,34.1081709,74.7475541,Greater Kashmir Region
T.K. Hospital,Major Hospital,High,34.066592,74.803281,Greater Kashmir Region
Government Health Centre,Major Hospital,High,34.0844806,74.839507,Greater Kashmir Region
Trauma Hospital,Major Hospital,High,34.1172529,74.6992567,Greater Kashmir Region
CMO Hospital,Major Hospital,High,34.0165299,74.7209884,Greater Kashmir Region
Abdullah Hospital,Major Hospital,High,34.051958,74.832327,Greater Kashmir Region
Noora Hospital,Major Hospital,High,34.1122578,74.7255374,Srinagar
Anganwadi Hospital,Major Hospital,High,34.0293596,74.8210826,Greater Kashmir Region
Dr. Farooq's Unani Hospital,Major Hospital,High,34.0743407,74.7876544,Greater Kashmir Region
Safa Marwah Hospital,Major Hospital,High,34.1437352,74.8088327,Greater Kashmir Region
Government Sub District Hospital,Major Hospital,High,33.8637905,74.7714082,Greater Kashmir Region
ASG Eye Hospital,Major Hospital,High,34.0896907,74.7780692,Greater Kashmir Region
Albarq Multi Speciality Hospital,Major Hospital,High,34.0741928,74.7878,Greater Kashmir Region
Dr. Naseer's Unani & Panchkarma Hospital,Major Hospital,High,34.0957666,74.7922262,Greater Kashmir Region
New Government Hospital,Major Hospital,High,34.0343449,74.8077751,Greater Kashmir Region
Star Hospitals,Major Hospital,High,34.0289178,74.8002873,Srinagar
Government Bone & Joint Hospital,Major Hospital,High,34.0520158,74.7973587,Greater Kashmir Region
IBN Sina Hospital,Major Hospital,High,34.0363094,74.7355722,Greater Kashmir Region
Government Hospital,Major Hospital,High,33.7720319,75.142089,Greater Kashmir Region
Maternity Hospital,Major Hospital,High,33.7307053,75.1534493,Greater Kashmir Region
Gousia Nursing Home,Major Hospital,High,33.710016,75.1515304,Greater Kashmir Region
Al Hayat Maternity Laparoscopy Hospital,Major Hospital,High,33.726523,75.1523061,Greater Kashmir Region
Achabal Hospital,Major Hospital,High,33.68598,75.2222538,Greater Kashmir Region
Nijam Memorial Hospital,Major Hospital,High,33.658439,75.0902415,Greater Kashmir Region
Sub District Hospital,Major Hospital,High,33.5729894,75.222376,Greater Kashmir Region
Government Primary Hospital,Major Hospital,High,33.8264019,74.9917139,Greater Kashmir Region
Sub District Hospital,Major Hospital,High,33.7933074,75.1024507,Greater Kashmir Region
Dr. Naseer's Unani and Panchkarma Hospital,Major Hospital,High,33.716221,74.828234,Greater Kashmir Region
New Sin District Hospital,Major Hospital,High,33.7973408,75.0958533,Greater Kashmir Region
Sub District Hospital,Major Hospital,High,33.789506,75.2439016,Greater Kashmir Region
Thyphoid Hospital,Major Hospital,High,33.724506,75.150894,Greater Kashmir Region
J and K Government Hospital,Major Hospital,High,33.59855,75.160769,Greater Kashmir Region
Life Care Hospital,Major Hospital,High,33.728516,75.150976,Anantnag
The SKJ Hospital,Major Hospital,High,33.74536,75.185577,Greater Kashmir Region
Rahmat-E-Aalam Hospital,Major Hospital,High,33.7390552,75.1671142,Greater Kashmir Region
Unani and Panchakarma Hospital,Major Hospital,High,33.7301769,75.1499883,Greater Kashmir Region
Jasco Nursing Home,Major Hospital,High,33.7391852,75.1736276,Greater Kashmir Region
Sub District Hospital,Major Hospital,High,33.587769,75.299526,Greater Kashmir Region
Unani Hospital,Major Hospital,High,33.5869048,74.971943,Greater Kashmir Region
Government Hospital,Major Hospital,High,33.678216,75.107127,Greater Kashmir Region
Sub Hospital,Major Hospital,High,33.6499452,75.1617237,Greater Kashmir Region
Wani Hospital,Major Hospital,High,33.7055624,75.1534215,Greater Kashmir Region
Government Hospital,Major Hospital,High,33.736388,75.308932,Greater Kashmir Region
Sub District Hospital,Major Hospital,High,33.724584,75.018185,Greater Kashmir Region
Sub District Hospital,Major Hospital,High,33.7170278,74.8359984,Greater Kashmir Region
Government Medical College and Hospital,Major Hospital,High,33.141405,75.583129,Greater Kashmir Region
Unani Hospital,Major Hospital,High,33.6451809,75.0184153,Greater Kashmir Region
Civil Hospital,Major Hospital,High,34.0123308,75.317533,Greater Kashmir Region
Naina Hospital,Major Hospital,High,33.8195204,75.0627379,Greater Kashmir Region
Government PHC Bugam,Major Hospital,High,33.689356,75.02589,Greater Kashmir Region
Accidental Hospital,Major Hospital,High,33.118053,75.325842,Greater Kashmir Region
Government Hospital,Major Hospital,High,33.2626865,74.9981232,Greater Kashmir Region
Pir Panchal Hospital,Major Hospital,High,33.649069,74.256852,Greater Kashmir Region
TB Hospital,Major Hospital,High,33.7721615,74.0966586,Greater Kashmir Region
Government Accidental Hospital,Major Hospital,High,33.4395426,75.1979751,Greater Kashmir Region
Sub District Hospital,Major Hospital,High,33.6361296,74.2644714,Greater Kashmir Region
Government Hospital,Major Hospital,High,33.694871,74.288009,Greater Kashmir Region
Sub District Hospital,Major Hospital,High,33.79701,74.2550841,Greater Kashmir Region
Government Ayurvedic Hospital,Major Hospital,High,33.7472399,74.155278,Greater Kashmir Region
Government Sub District Hospital,Major Hospital,High,33.604677,74.140854,Greater Kashmir Region
SD Hospital Lar,Major Hospital,High,34.2596499,74.7509332,Greater Kashmir Region
CHC Hajan,Major Hospital,High,34.2915089,74.6197695,Hajan
Sharp Sight Eye Hospital,Major Hospital,High,34.0452095,74.8023416,Greater Kashmir Region
Aamina Hospital And Nursing Home,Major Hospital,High,34.0239584,74.813855,Greater Kashmir Region
Al-Ameen Charitable Hospital And Nursing Home,Major Hospital,High,34.0384116,74.7885798,Greater Kashmir Region
Unani amd Panchkarma Hospital,Major Hospital,High,34.0380941,74.8196561,Greater Kashmir Region
Kong Posh Hospital,Major Hospital,High,34.0276453,74.9099704,Pampore
Unani and Panchkarma Hospital,Major Hospital,High,34.0959184,74.79223,Greater Kashmir Region
JLNM Hospital Gate Entrance,Major Hospital,High,34.0971865,74.8218844,Greater Kashmir Region
BHM Hospital,Major Hospital,High,33.9273776,75.0052256,Greater Kashmir Region
Health sub centre,Major Hospital,High,33.9845173,74.9493088,Greater Kashmir Region
Ujala Cygnus Hospital,Major Hospital,High,34.0290999,74.8312488,Srinagar
Sub District Hospital Devsar,Major Hospital,High,33.6324459,75.0832507,Devsar
MedStar Medical Centre,Major Hospital,High,34.0259838,74.8352303,Greater Kashmir Region
Govt. Hospital Lethpora,Major Hospital,High,33.9641912,74.9661945,Pampore
Govt AYUSH Dispensary Kawoosa Khalisa,Major Hospital,High,34.1025577,74.6474548,Kawoosa Khalisa
Ayush Health & Wellness Centre Kawoosa Khalisa (Under Construction),Major Hospital,High,34.10297,74.6439372,Kawoosa Khalisa
Kawoosa Medical Hospital,Major Hospital,High,34.1131038,74.7183757,Srinagar
Mass Med Hospital,Major Hospital,High,34.0961261,74.6014589,Agri Kalan
Ayush Dispensary Palpora,Major Hospital,High,34.0514484,74.5478924,Greater Kashmir Region
PHC Narbal,Major Hospital,High,34.1157025,74.6645711,Greater Kashmir Region
Primary Healthcare Center Boniyar,Major Hospital,High,34.1319163,74.1809911,Greater Kashmir Region
The North End Hospital Tapper,Major Hospital,High,34.202331,74.5111009,Tapper Pattan
JHELUM CLUB STADIUM MARVAL,Major Leisure/Stadium,High,33.9737251,74.9043022,srinagar
TRC Polo Synthetic Turf Ground,Major Leisure/Stadium,High,34.0742128,74.8275792,Greater Kashmir Region
Bajwani Cricket Stadium,Major Leisure/Stadium,High,33.9482212,75.1360538,Greater Kashmir Region
Bajwani Football Stadium,Major Leisure/Stadium,High,33.9474584,75.1370059,Greater Kashmir Region
Sports Stadium Devsar,Major Leisure/Stadium,High,33.6322213,75.0790966,Devsar
Sports Stadium Pulwama,Major Leisure/Stadium,High,33.8870453,74.8957439,Greater Kashmir Region
Mashtrag Tumberhama,Major Leisure/Stadium,High,34.0490392,74.4559099,Greater Kashmir Region
khan complex,Major Market/Mall,High,34.093675,74.593569,Greater Kashmir Region
chadoora main market,Major Market/Mall,High,33.9457462,74.7998675,Greater Kashmir Region
IT Market,Major Market/Mall,High,34.0702336,74.8095155,Greater Kashmir Region
Nishat Market,Major Market/Mall,High,34.1236714,74.8783834,Greater Kashmir Region
Hari singh high street,Major Market/Mall,High,34.0696128,74.805945,Greater Kashmir Region
Kapar Market,Major Market/Mall,High,34.0681126,74.8051244,Greater Kashmir Region
Fruit and Vegetable Market,Major Market/Mall,High,33.6468457,75.0275636,Greater Kashmir Region
Traditional Market,Major Market/Mall,High,34.0793672,74.8296519,Greater Kashmir Region
Munwaar Plaza,Major Market/Mall,High,34.0837342,74.8191819,Greater Kashmir Region
Crown Plaza Residency,Major Market/Mall,High,34.0843138,74.8190897,Greater Kashmir Region
Yamberzall Mall Court Road,Major Market/Mall,High,34.0697916,74.8100696,Greater Kashmir Region
Polo View Market,Major Market/Mall,High,34.0735807,74.8201286,Greater Kashmir Region
Fairdeal Shopping Complex,Major Market/Mall,High,34.0725411,74.8169547,Greater Kashmir Region
New Market Forest Lane,Major Market/Mall,High,34.0708723,74.8107093,Greater Kashmir Region
Aftab Market Budshah Chowk,Major Market/Mall,High,34.0715257,74.8097338,Greater Kashmir Region
Central Market Abi Guzar,Major Market/Mall,High,34.0719912,74.813075,Greater Kashmir Region
Yatri Bhawan Durga Nag Trust,Major Market/Mall,High,34.0753398,74.8325148,Greater Kashmir Region
Nabeera Complex,Major Market/Mall,High,34.0721076,74.8049661,Greater Kashmir Region
Silver Square Mall,Major Market/Mall,High,34.0633774,74.8135752,Greater Kashmir Region
Flickerz 24x7 Hub,Major Market/Mall,High,34.067936,74.8334458,Greater Kashmir Region
Sulaiman Shopping Complex,Major Market/Mall,High,34.0758905,74.8307388,Greater Kashmir Region
Top Shop Super Market,Major Market/Mall,High,34.0717289,74.8392274,Greater Kashmir Region
Town Square Plaza,Major Market/Mall,High,34.0628551,74.8082424,Greater Kashmir Region
ERA Shopping Complex,Major Market/Mall,High,34.0519742,74.8035434,Greater Kashmir Region
Chinar Super Market,Major Market/Mall,High,34.0716493,74.830113,Greater Kashmir Region
Hotel Abc Reidency Plaza,Major Market/Mall,High,34.0673492,74.805982,Greater Kashmir Region
Samci Riveria,Major Market/Mall,High,34.0684835,74.8250174,Greater Kashmir Region
Al-Qudas Market,Major Market/Mall,High,34.0705969,74.8039924,Greater Kashmir Region
Metro International Office Complex,Major Market/Mall,High,34.0683595,74.8256111,Greater Kashmir Region
Grand L.D,Major Market/Mall,High,34.067611,74.8070166,Greater Kashmir Region
Khan Arcade,Major Market/Mall,High,34.0602215,74.8186379,Greater Kashmir Region
Iqbal Sabzi Mandi II,Major Market/Mall,High,34.0818122,74.7906207,Greater Kashmir Region
Jehlum Complex,Major Market/Mall,High,34.0798185,74.7950211,Greater Kashmir Region
7 Square Mall,Major Market/Mall,High,34.0391918,74.7906563,Greater Kashmir Region
Gulzar Shopping Complex,Major Market/Mall,High,34.0816937,74.7930186,Greater Kashmir Region
Bhat Complex,Major Market/Mall,High,34.0709599,74.7879438,Greater Kashmir Region
Khan Complex,Major Market/Mall,High,34.1088964,74.742273,Greater Kashmir Region
Plaza Market,Major Market/Mall,High,34.0803375,74.7947919,Greater Kashmir Region
Grand Park,Major Market/Mall,High,34.0673778,74.7811802,Greater Kashmir Region
Al-Rehman Plaza,Major Market/Mall,High,34.0974997,74.7720717,Greater Kashmir Region
Iqbal Sabzi Mandi Batamaloo,Major Market/Mall,High,34.0818446,74.7915693,Greater Kashmir Region
Aisha Complex,Major Market/Mall,High,34.0733777,74.7883272,Greater Kashmir Region
Airport Market Place II,Major Market/Mall,High,34.0131546,74.76651,Greater Kashmir Region
Sheikh ul Aalam Complex Peerbagh,Major Market/Mall,High,34.0319868,74.7803549,Greater Kashmir Region
Momin Complex,Major Market/Mall,High,34.0369362,74.7845395,Greater Kashmir Region
Aziz Complex,Major Market/Mall,High,34.0385861,74.8192426,Greater Kashmir Region
Shah Sons Group,Major Market/Mall,High,34.029028,74.8087354,Greater Kashmir Region
Ibrahs Mall,Major Market/Mall,High,34.027469,74.7781811,Greater Kashmir Region
Al-Azhar Group,Major Market/Mall,High,34.0209818,74.8094903,Greater Kashmir Region
Super Market,Major Market/Mall,High,34.0272422,74.8085143,Greater Kashmir Region
Al-Mushtaq Plaza,Major Market/Mall,High,34.0322023,74.8088477,Greater Kashmir Region
Shah Complex,Major Market/Mall,High,34.0385981,74.8100271,Greater Kashmir Region
Orchids Super Market,Major Market/Mall,High,34.0178995,74.7984309,Greater Kashmir Region
Iqbal Memorial Shopping Mall,Major Market/Mall,High,34.0371124,74.7889679,Greater Kashmir Region
Gani Complex,Major Market/Mall,High,34.0298077,74.8229928,Greater Kashmir Region
Saifco Shopping Complex Airport Market,Major Market/Mall,High,34.0146748,74.7616297,Greater Kashmir Region
JK Ply Agency,Major Market/Mall,High,34.0235013,74.7750629,Greater Kashmir Region
Tripa A Complex,Major Market/Mall,High,34.0361872,74.8180639,Greater Kashmir Region
Valley Mega Mall,Major Market/Mall,High,34.0400708,74.8802044,Greater Kashmir Region
Umeed Shopping Plaza,Major Market/Mall,High,34.0242549,74.9162377,Greater Kashmir Region
Maqbool Complex,Major Market/Mall,High,34.0178867,74.8299339,Greater Kashmir Region
Jamia Market,Major Market/Mall,High,34.097975,74.8103666,Greater Kashmir Region
Souk- Al Jannat Mall,Major Market/Mall,High,34.1078026,74.8089595,Greater Kashmir Region
Jamia Market Gate II,Major Market/Mall,High,34.0993103,74.8093784,Greater Kashmir Region
Block 13 Mall,Major Market/Mall,High,34.1048823,74.8088107,Greater Kashmir Region
M.Y Shopping Complex,Major Market/Mall,High,34.0273003,74.8275831,Greater Kashmir Region
Al-Rashid Plaza,Major Market/Mall,High,34.0162702,74.9127687,Greater Kashmir Region
City Square Complex,Major Market/Mall,High,34.1045786,74.8087415,Greater Kashmir Region
Saffron Shopping Complex,Major Market/Mall,High,34.0208294,74.9178603,Greater Kashmir Region
Chaar Yaar Complex,Major Market/Mall,High,34.0250517,74.9134248,Greater Kashmir Region
Sheikh Complex Shiraz Chowk,Major Market/Mall,High,34.0914653,74.8194396,Greater Kashmir Region
Shopping Centre,Major Market/Mall,High,34.0980175,74.8068874,Greater Kashmir Region
Halmat Complex Jamallata Chowk,Major Market/Mall,High,34.0935965,74.7994659,Greater Kashmir Region
Nesto Plaza Chotta Bazar,Major Market/Mall,High,34.0812425,74.8014066,Greater Kashmir Region
City Centre,Major Market/Mall,High,34.0824175,74.7976327,Greater Kashmir Region
Land Mark Shopping Mall,Major Market/Mall,High,34.0796462,74.7994622,Greater Kashmir Region
Haji Plaza,Major Market/Mall,High,34.0844973,74.7965431,Greater Kashmir Region
Mir Mall,Major Market/Mall,High,34.0765537,74.7981271,Greater Kashmir Region
Lake City Plaza,Major Market/Mall,High,34.0826224,74.7983082,Greater Kashmir Region
Madina Complex,Major Market/Mall,High,34.0855317,74.7966011,Greater Kashmir Region
Bismillah Trade Centre Karan Nagar,Major Market/Mall,High,34.0810371,74.8005501,Greater Kashmir Region
Kohinoor Complex,Major Market/Mall,High,34.0850552,74.7962114,Greater Kashmir Region
Kings International Plaza,Major Market/Mall,High,34.0801349,74.7991529,Greater Kashmir Region
Mir Sultan Complex,Major Market/Mall,High,34.1444575,74.8085519,Greater Kashmir Region
JN Shopping Complex,Major Market/Mall,High,34.15017,74.8084088,Greater Kashmir Region
Capital Centre Complex,Major Market/Mall,High,34.1253453,74.8060168,Greater Kashmir Region
Makkah Shopping Complex,Major Market/Mall,High,34.1478227,74.8089527,Greater Kashmir Region
Hamsa Plaza,Major Market/Mall,High,34.1213287,74.8150435,Greater Kashmir Region
Gulmarg Shopping Complex,Major Market/Mall,High,34.0818166,74.8328569,Greater Kashmir Region
Shalimar Market,Major Market/Mall,High,34.1472286,74.8701965,Greater Kashmir Region
Gulzar's City Square,Major Market/Mall,High,34.1430684,74.8381709,Greater Kashmir Region
Shopping Complex,Major Market/Mall,High,34.098009,74.8226211,Greater Kashmir Region
Zaroo Complex,Major Market/Mall,High,34.0991317,74.8129963,Greater Kashmir Region
IQ Shopping Mall,Major Market/Mall,High,34.0375161,74.7893933,Greater Kashmir Region
Nirman Complex,Major Market/Mall,High,34.0477382,74.8029447,Greater Kashmir Region
Meena Bazar (Floating Market),Major Market/Mall,High,34.0932402,74.8395103,Greater Kashmir Region
Fruit Mandi Patushay Bandipora,Major Market/Mall,High,34.4167465,74.590852,Qazipora Patushi
Al Haram Complex,Major Market/Mall,High,34.094186,74.5935925,MAGAM
Lu Lu City Kawoosa,Major Market/Mall,High,34.1077879,74.6412648,Kawoosa Khalisa
The Ganaye Complex,Major Market/Mall,High,34.1069699,74.6388191,Kawoosa Khalisa
Khan Complex,Major Market/Mall,High,34.1085048,74.6429694,Kawoosa khalisa
Main Market Trikanjan,Major Market/Mall,High,34.1021498,74.1939735,Greater Kashmir Region
Main Market Boniyar,Major Market/Mall,High,34.1355385,74.1784375,Greater Kashmir Region
Alamgari Bazar,Major Market/Mall,High,34.1155245,74.8061393,Greater Kashmir Region
Aliabad Sarai,Tourist Spot,High,33.6416235,74.5833717,Greater Kashmir Region
Lal Chowk,Tourist Spot,High,34.0712565,74.8104927,Greater Kashmir Region
Paani Mandir,Tourist Spot,High,34.0562586,74.8603113,Greater Kashmir Region
CHEWA,Tourist Spot,High,34.2772983,74.665981,Greater Kashmir Region
Prof GM Bhat,Tourist Spot,High,34.2767169,74.6721545,Greater Kashmir Region
Muhib's house,Tourist Spot,High,33.832467,74.845567,Greater Kashmir Region
Thajiwas valley,Tourist Spot,High,34.2912067,75.2699524,Greater Kashmir Region
Boat Tour,Tourist Spot,High,34.086088,74.8390516,Greater Kashmir Region
Maharaja Palace,Tourist Spot,High,34.0624264,74.3968125,Greater Kashmir Region
Ningli Nalah Waterfall,Tourist Spot,High,34.0934462,74.3763596,Greater Kashmir Region
Gulmarg Riders,Tourist Spot,High,34.0515823,74.3976593,Greater Kashmir Region
Pissatop,Tourist Spot,High,34.083757,75.4348175,Greater Kashmir Region
Gole Chakkar,Tourist Spot,High,33.7175128,74.8342705,Greater Kashmir Region
Ghanta Ghar,Tourist Spot,High,33.6471911,75.0213679,Greater Kashmir Region
Gofbal Astaan,Tourist Spot,High,33.6674777,74.9361665,Greater Kashmir Region
Salotri,Tourist Spot,High,33.6910121,74.0766751,Greater Kashmir Region
Budshah Chowk,Tourist Spot,High,34.0719211,74.8091954,Greater Kashmir Region
Gypsy's House,Tourist Spot,High,34.1006726,75.2641073,Greater Kashmir Region
Green point,Tourist Spot,High,34.1180083,75.2580717,Greater Kashmir Region
Green point,Tourist Spot,High,34.1183216,75.258441,Greater Kashmir Region
Doodhpathri,Tourist Spot,High,33.8614179,74.5671701,Greater Kashmir Region
Tosa Maidan,Tourist Spot,High,33.9148023,74.5105219,Greater Kashmir Region
Lidder Valley,Tourist Spot,High,34.0162064,75.3171157,Greater Kashmir Region
15 Corps,Tourist Spot,High,34.0759843,74.8293035,Greater Kashmir Region
Harwan Buddhist Ruins,Tourist Spot,High,34.1537748,74.8983779,Greater Kashmir Region
Burzahom Archaeological Site,Tourist Spot,High,34.1691499,74.866985,Greater Kashmir Region
Khushaal sar,Tourist Spot,High,34.1136425,74.7992002,Greater Kashmir Region
Chashma shahi,Tourist Spot,High,34.06987,74.8624062,Greater Kashmir Region
Maidan-e-chogal,Tourist Spot,High,34.4081898,74.3092835,Greater Kashmir Region
Fountain Chowk,Tourist Spot,High,34.0835224,74.8007158,Greater Kashmir Region
Fountain Chowk Rainawari,Tourist Spot,High,34.0979879,74.8229,Greater Kashmir Region
Oont Kadal,Tourist Spot,High,34.1226506,74.8715722,Greater Kashmir Region
Killa Gajpat,Tourist Spot,High,33.1758118,75.3167442,Greater Kashmir Region
Shrine,Tourist Spot,High,34.4692031,74.5267536,Greater Kashmir Region
Ahad Sahab Mausoleum,Tourist Spot,High,34.2916556,74.4466594,Greater Kashmir Region
Damdama tower,Tourist Spot,High,34.0002263,74.4381125,Greater Kashmir Region
Baba Hasan Mantaqi Astaan,Tourist Spot,High,33.9250186,75.0095778,Greater Kashmir Region
Jamaluddin baba,Tourist Spot,High,34.0104049,74.7789275,Greater Kashmir Region
City Museum,Tourist Spot,High,34.0733277,74.8061231,"Srinagar, Jammu And Kashmir"
Heritage Arts Museum,Tourist Spot,High,34.0824989,74.8199721,"Srinagar,  Jammu And Kashmir"
Hazrat Jamaluddin Kamaluddin,Tourist Spot,High,33.9035228,75.0850334,Greater Kashmir Region
Gurdwara Chhevin Patshahi,Tourist Spot,High,34.2179438,74.4237015,Greater Kashmir Region
Ziyarat Khwaja Masood,Tourist Spot,High,34.0158117,74.9169247,Greater Kashmir Region
Wahab Sahab Shrine,Tourist Spot,High,33.9953063,75.0326142,Greater Kashmir Region
Ancient Temple Awantiswami,Tourist Spot,High,33.8904475,74.9800399,Greater Kashmir Region
Ski Gulmarg,Tourist Spot,High,34.0457372,74.3842953,Greater Kashmir Region
Ifam's health center,Clinic,Medium,34.0904748,74.8204439,Greater Kashmir Region
Aesthetica plastic surgery clinic,Clinic,Medium,34.0434528,74.8014511,Greater Kashmir Region
International Health Clinic,Clinic,Medium,34.0430366,74.8006204,Greater Kashmir Region
Dr. Manzoor Eye Clinic Centre,Clinic,Medium,34.065369,74.8089679,Greater Kashmir Region
Dr. Altafs Nursing Home,Clinic,Medium,34.2065473,74.3411632,Greater Kashmir Region
Imam Hussain (A S) Hospital,Clinic,Medium,34.0694515,74.761641,Greater Kashmir Region
Health Crecent Maternity and Poly Clinic,Clinic,Medium,34.4217616,74.6365589,Greater Kashmir Region
Khanam`S Hospital And Nursing Home,Clinic,Medium,34.0675373,74.8026051,Greater Kashmir Region
Mohammadia Nursing Home,Clinic,Medium,33.8864309,74.9111956,Greater Kashmir Region
Zenith Nursing Home,Clinic,Medium,33.8802429,74.8990104,Greater Kashmir Region
Dr. Bir Singh Clinic,Clinic,Medium,34.281398,74.462769,Greater Kashmir Region
Dr. Wahab's Eye Clinic,Clinic,Medium,34.207224,74.345456,Greater Kashmir Region
Dr. Ab Aziz Makai ENT Clinic,Clinic,Medium,34.2078833,74.343133,Greater Kashmir Region
Ortho Neuro Physiotherapy,Clinic,Medium,34.2064068,74.3484076,Greater Kashmir Region
Dr. Reshi's Kidney Care & Diagnostic Centre,Clinic,Medium,34.1438446,74.8382978,Greater Kashmir Region
Mannat Polyclinic,Clinic,Medium,34.0930416,74.5900578,Greater Kashmir Region
Sumaira's Clinic,Clinic,Medium,34.280236,74.4627691,Greater Kashmir Region
Asif Memorial Health Care,Clinic,Medium,34.3965409,74.2830888,Greater Kashmir Region
Dr. MS Nanda's Skin Care Clinic,Clinic,Medium,34.2071303,74.3456619,Greater Kashmir Region
Heart Clinic,Clinic,Medium,34.0322972,74.7805942,Greater Kashmir Region
Kawoosa Clinic,Clinic,Medium,34.0907371,74.776224,Greater Kashmir Region
Durrani's Uro Surgery Super Speciality Clinic,Clinic,Medium,34.0261541,74.8031717,Greater Kashmir Region
AF Kids Clinic,Clinic,Medium,34.098597,74.797878,Greater Kashmir Region
Dr. Masood's Multispeciality Health Centre,Clinic,Medium,34.0789519,74.8296913,Greater Kashmir Region
Ortho Plus Physiotherapy and Sports Injury Clinic,Clinic,Medium,34.1389192,74.8020021,Greater Kashmir Region
"Skin, Laser & Hair Clinic",Clinic,Medium,34.0664363,74.8095169,Greater Kashmir Region
International Health Clinic,Clinic,Medium,34.0434653,74.8005347,Greater Kashmir Region
Max Health Clinic & Chemist,Clinic,Medium,34.0437909,74.783741,Greater Kashmir Region
Al-Kabir Eye Care Centre,Clinic,Medium,34.0606232,74.8188811,Greater Kashmir Region
Dr. Tahir Malik Clinic,Clinic,Medium,34.0475339,74.8035215,Greater Kashmir Region
Dr. Fazili Eye Clinic,Clinic,Medium,34.0464206,74.80184,Greater Kashmir Region
Eye Care & Research Centre,Clinic,Medium,34.0841294,74.7949219,Greater Kashmir Region
Hijama Cure Clinic,Clinic,Medium,34.036935,74.9163623,Greater Kashmir Region
Royal Infertility Clinic,Clinic,Medium,34.067804,74.825398,Greater Kashmir Region
Cutis Skin and Laser Clinic,Clinic,Medium,34.0795592,74.7992785,Greater Kashmir Region
Dr. Shad Salim's Oncology Clinic,Clinic,Medium,34.0457331,74.7883118,Greater Kashmir Region
Unani & Ayurvedic Clinic,Clinic,Medium,34.1164045,74.8061904,Greater Kashmir Region
City Poly Clinic & Diagnostic Centre,Clinic,Medium,34.0932605,74.8142304,Greater Kashmir Region
Dr. GR Mir's Orthopaedic Clinic,Clinic,Medium,34.0720701,74.8135727,Greater Kashmir Region
Bhat Health Care Clinic,Clinic,Medium,33.9220017,74.8279971,Greater Kashmir Region
Wasi Diagnostic Centre,Clinic,Medium,34.1227646,74.8177573,Greater Kashmir Region
Dr. Mir Nisar Ahmad's Clinic,Clinic,Medium,34.1132997,74.8079283,Greater Kashmir Region
Dr. Irshad Ahmad Diabetes Clinic,Clinic,Medium,34.0664229,74.8111555,Greater Kashmir Region
New Life Clinic,Clinic,Medium,34.076948,74.776869,Greater Kashmir Region
Kashmir Clinics,Clinic,Medium,34.0757942,74.7973468,Greater Kashmir Region
Kashmir Lifeline and Health Centre,Clinic,Medium,34.042437,74.806896,Greater Kashmir Region
Dr. Tariq Eye Clinic,Clinic,Medium,34.0805736,74.8214925,Greater Kashmir Region
Dr. Yaseen's Skin Clinic,Clinic,Medium,34.0837981,74.7946828,Greater Kashmir Region
Al-Kareem Heart Centre,Clinic,Medium,34.0575536,74.8168579,Greater Kashmir Region
Apollo Clinic,Clinic,Medium,34.0805302,74.7987439,Greater Kashmir Region
Bone and Eye Clinic,Clinic,Medium,34.0459,74.788148,Greater Kashmir Region
Dr. Nazir Sheikh Clinic,Clinic,Medium,34.122168,74.814351,Greater Kashmir Region
Cutis Skin Care Clinic,Clinic,Medium,34.046895,74.787928,Greater Kashmir Region
Mediworld Clinics,Clinic,Medium,34.0657651,74.8089453,Greater Kashmir Region
Rotunda Hygeia IVF-ICSI Centre,Clinic,Medium,34.0248515,74.814702,Greater Kashmir Region
Dr. Kaiser's Clinic,Clinic,Medium,34.064572,74.811972,Greater Kashmir Region
Dr. Iffat Hassan's Skin and Reserch Clinic,Clinic,Medium,34.0788772,74.7993444,Greater Kashmir Region
Mother's Care Clinic Womens Wellnes and Physio,Clinic,Medium,34.0465065,74.801435,Greater Kashmir Region
Dr. Waleed's Clinic,Clinic,Medium,34.0137646,74.8126105,Greater Kashmir Region
Shifa Physiotherapy Clinic,Clinic,Medium,34.03399,74.790799,Greater Kashmir Region
Innova Clinics,Clinic,Medium,34.0347121,74.8197143,Greater Kashmir Region
Physio Care Physiotherapy Clinic,Clinic,Medium,34.0756371,74.8296352,Greater Kashmir Region
Imperial Polyclinic,Clinic,Medium,34.065145,74.821452,Greater Kashmir Region
Sahara Eye Care Centre,Clinic,Medium,33.7263932,75.1527879,Greater Kashmir Region
Baba Reshi Polyclinic and Diagnostic Centre,Clinic,Medium,33.646836,74.996143,Greater Kashmir Region
Recoup Psysiotherapy Clinic,Clinic,Medium,33.9156327,74.8829111,Greater Kashmir Region
Lords Care Clinic,Clinic,Medium,33.878246,74.899502,Greater Kashmir Region
Max Poly Clinic,Clinic,Medium,33.8986436,74.9593713,Greater Kashmir Region
New Bhat Anantnag Skin Clinic,Clinic,Medium,33.7278492,75.1502108,Greater Kashmir Region
Kashmir Health Care Centre,Clinic,Medium,33.709894,75.151693,Greater Kashmir Region
Jawhara Health care,Clinic,Medium,33.64637,75.0204694,Greater Kashmir Region
Friends Eye Clinic,Clinic,Medium,33.8712042,74.9003017,Greater Kashmir Region
Modern Health Care,Clinic,Medium,34.0215614,74.971608,Greater Kashmir Region
Dr. Wahab Homoeopathic Clinic,Clinic,Medium,33.3713698,74.315403,Greater Kashmir Region
Dr. Owais Sadeeq Clinic,Clinic,Medium,33.7708785,74.098307,Greater Kashmir Region
Dr. Sethi's Clinic,Clinic,Medium,34.0636552,74.8125622,Greater Kashmir Region
Dr. Manzoors Skin Care Clinic,Clinic,Medium,34.0741569,74.7975278,Greater Kashmir Region
Dr. Hyders Dental Clinic,Clinic,Medium,34.0519326,74.8053694,Greater Kashmir Region
Fracture and Orthopaedic Care Dr. G.M Wani,Clinic,Medium,34.0403516,74.7984834,Greater Kashmir Region
Derma Asthetics Skin Care And Laser Clinic,Clinic,Medium,34.0411483,74.8001908,Greater Kashmir Region
Dr. Syed Kaiser Dental Clinic,Clinic,Medium,34.0302295,74.7985579,Greater Kashmir Region
MED AGE Infertility Centre,Clinic,Medium,34.0800656,74.7657125,Greater Kashmir Region
Multicare Polyclinic,Clinic,Medium,34.0611525,74.7858202,Greater Kashmir Region
Syed Medicos Health Clinic,Clinic,Medium,34.0869905,74.7631458,Greater Kashmir Region
Cutis Institute of Dermatology,Clinic,Medium,34.0491435,74.7872416,Greater Kashmir Region
Interventional Pulmonary and Sleep Disorders Center,Clinic,Medium,34.0683756,74.7709748,Greater Kashmir Region
S.M Health Clinic,Clinic,Medium,34.1089333,74.7430453,Greater Kashmir Region
Dermis Skin Laser Hair Transplant Clinic,Clinic,Medium,34.0733525,74.7680868,Greater Kashmir Region
Motherhood Solace Dr. Nighat Salim,Clinic,Medium,34.0739873,74.7719354,Greater Kashmir Region
Khattab Clinic and Laboratory,Clinic,Medium,34.0881373,74.762686,Greater Kashmir Region
Prof. Dr Nazir Ahamd Wani,Clinic,Medium,34.0483504,74.8078325,Greater Kashmir Region
National Center of Diabetes and Hormones,Clinic,Medium,34.0263919,74.8091923,Greater Kashmir Region
City Eye Care Centre,Clinic,Medium,34.0331066,74.7815928,Greater Kashmir Region
Dr's Hub Health and Care Clinic Chanpora,Clinic,Medium,34.0305856,74.8087175,Greater Kashmir Region
Modern ENT Clinic,Clinic,Medium,34.0344704,74.7828323,Greater Kashmir Region
Falah Health Care Pharmacy and Clinic,Clinic,Medium,34.0228319,74.7743643,Greater Kashmir Region
Dr. Syed Ashiq Hussain Naqshbandi,Clinic,Medium,34.0951907,74.8133987,Greater Kashmir Region
Physiotherapy Clinic,Clinic,Medium,34.0185583,74.8286779,Greater Kashmir Region
Gulswarm Childrens Clinic,Clinic,Medium,34.1077348,74.809285,Greater Kashmir Region
Dr. Manzoors Polyclinic and Diagnostic Centre,Clinic,Medium,34.0983501,74.806629,Greater Kashmir Region
Dr Bhats Al Habib Health Care,Clinic,Medium,34.0960026,74.783666,Greater Kashmir Region
Crescent Speech amd Hearing Centre,Clinic,Medium,34.0781078,74.7990502,Greater Kashmir Region
Max Health Care Med Centre,Clinic,Medium,34.0845187,74.7969582,Greater Kashmir Region
Dr. Najeeb Drabus Ortho Clinic,Clinic,Medium,34.0857084,74.7967287,Greater Kashmir Region
Apex Super Speciality Centre Diagnostic and Polyclinic,Clinic,Medium,34.0837282,74.7970338,Greater Kashmir Region
A-Madina Super Speciality Care Centre,Clinic,Medium,34.0850396,74.7975635,Greater Kashmir Region
Al-Huda Renal Care and Dialysis Centre,Clinic,Medium,34.1348309,74.8036235,Greater Kashmir Region
Al-Hijama Unani Laser Asthetic Clinic,Clinic,Medium,34.1152088,74.7948525,Greater Kashmir Region
Neo Max Medicose,Clinic,Medium,34.1296143,74.7984004,Greater Kashmir Region
Iqbal Medical Hall Pharmacy and Clinic,Clinic,Medium,34.191475,74.8074248,Greater Kashmir Region
Jeelani Ultrasound Clinic,Clinic,Medium,34.1540975,74.8085563,Greater Kashmir Region
Noor Polyclinic,Clinic,Medium,34.1444031,74.8022342,Greater Kashmir Region
Dr. M Ashraf Residential Clinic,Clinic,Medium,34.1703646,74.8085088,Greater Kashmir Region
Urology Clinic Dr. Imran Mir,Clinic,Medium,34.1282202,74.8059528,Nowshera
Dr. Muzaffars Health Hub Clinic,Clinic,Medium,34.1455276,74.8021867,Greater Kashmir Region
Paramount Polyclinic and Diagnostic Centre,Clinic,Medium,34.1143725,74.8067596,Greater Kashmir Region
Spring Healthcare Multispeciality Clinic,Clinic,Medium,34.1526933,74.8085745,Greater Kashmir Region
Ilahiya Dialysis Centre,Clinic,Medium,34.1496582,74.8084741,Greater Kashmir Region
Dialysis Centre Ultrasound Laboratory,Clinic,Medium,34.1436643,74.8380517,Greater Kashmir Region
Azam Health Care Pharmacy Clinic And Diagnostics,Clinic,Medium,34.1198418,74.8128603,Greater Kashmir Region
Dr. Sami Jan Clinic,Clinic,Medium,34.1377903,74.8273288,Greater Kashmir Region
Al-Habib Health Clinic,Clinic,Medium,34.1110223,74.8368362,Greater Kashmir Region
Noor Optics Eye Clinic,Clinic,Medium,34.1403952,74.8393043,Greater Kashmir Region
Shifa Medicare and Chemists,Clinic,Medium,34.1246949,74.8170929,Greater Kashmir Region
Doctor and Drug,Clinic,Medium,34.0971511,74.8222938,Greater Kashmir Region
Dr. Imtiyaz Ahmad Eye Specialists,Clinic,Medium,34.1269571,74.8179231,Greater Kashmir Region
Dr. Abrar Wani's Skin Hair and Laser Clinic,Clinic,Medium,34.1269626,74.817616,Greater Kashmir Region
Sure Health Clinic and Pharmacy,Clinic,Medium,34.097938,74.8232768,Greater Kashmir Region
Al-Hareem Pharmacy and Clinic,Clinic,Medium,34.0932082,74.819877,Greater Kashmir Region
Dr. Mehraj u Din Tantray's Clinic,Clinic,Medium,34.1546867,74.840268,Greater Kashmir Region
Harmain ENT Clinic,Clinic,Medium,34.1358218,74.828071,Greater Kashmir Region
Elan Rehab Physiotherapy and Clinic,Clinic,Medium,34.1273235,74.832394,Greater Kashmir Region
Al-Madina Tul Shifa,Clinic,Medium,34.1275044,74.8371073,Greater Kashmir Region
Mir Poly Clinic,Clinic,Medium,33.9323909,75.1136247,Greater Kashmir Region
Al-Shifa Chemists,Clinic,Medium,33.9352789,75.1005157,Greater Kashmir Region
Shiraz Cinema,Entertainment,Medium,34.0932081,74.8204218,Greater Kashmir Region
Shah Cinema,Entertainment,Medium,34.0887289,74.7795245,Greater Kashmir Region
Biscoe Boys School,School,Medium,34.0710098,74.8115618,Greater Kashmir Region
Mallinson Girls School,School,Medium,34.0700748,74.8118672,Greater Kashmir Region
govt sec school kachwari khansahib,School,Medium,33.8950504,74.6580069,Greater Kashmir Region
govt school,School,Medium,33.967495,74.5977249,Greater Kashmir Region
"gurwait kalan, , khansahib",School,Medium,33.9025904,74.6425634,Greater Kashmir Region
govt girl sec school,School,Medium,33.9841799,74.7538345,Greater Kashmir Region
govt sec school,School,Medium,33.9045014,74.6060635,Greater Kashmir Region
"govt sec school, branwar",School,Medium,33.8865703,74.6725105,Greater Kashmir Region
govt girls high school keitch razgeer,School,Medium,33.9230737,74.6710508,Greater Kashmir Region
IGNOU,School,Medium,34.0624991,74.8266363,Greater Kashmir Region
Lawrence Vidya Bhavan,School,Medium,34.0600195,74.8246504,Greater Kashmir Region
High School Chewa,School,Medium,34.2821067,74.671981,Chewa
Poineer Institute of Learning,School,Medium,34.1431299,74.5780615,Greater Kashmir Region
Prime Public School,School,Medium,34.0418514,74.8003293,Greater Kashmir Region
Govt. Middle School,School,Medium,34.0593362,74.8003612,Greater Kashmir Region
"Islamia High School, Pampore",School,Medium,34.017478,74.9162865,Greater Kashmir Region
Jamiul Uloom Hamdania School,School,Medium,33.9265842,75.1200608,Greater Kashmir Region
Muslim Educational Institute (MEI),School,Medium,34.0128026,74.9172663,Greater Kashmir Region
Central Public Mission (CPM) School,School,Medium,33.9291748,75.1200207,Greater Kashmir Region
Govt. Girls Higher Secondary School,School,Medium,33.925622,75.1186676,Tral
Future Vision School,School,Medium,33.9326447,75.1105821,Greater Kashmir Region
CATS School,School,Medium,33.7373682,75.1628237,Greater Kashmir Region
Muslim Educational Institute (MEI) block,School,Medium,34.0130922,74.9171712,Greater Kashmir Region
Whizkids School,School,Medium,33.737726,75.1419161,Anantnag
R P School,School,Medium,33.7560875,75.2055942,Greater Kashmir Region
ITI Handwara,School,Medium,34.4106016,74.2773875,Greater Kashmir Region
Army Goodwill School,School,Medium,34.2866547,74.6213925,Hajan
Higher Secondary School Hajan,School,Medium,34.2892185,74.6196184,Hajan
MD School,School,Medium,34.2891853,74.6217066,Hajan
Morning Star Public School,School,Medium,34.2949615,74.6177168,Hajan Town
GOVT. Girls High School,School,Medium,34.2960743,74.6203665,Hajan
Sultania English Medium Public School,School,Medium,34.2113996,74.7637358,Greater Kashmir Region
Government middle school,School,Medium,34.2287065,74.7624353,Greater Kashmir Region
"Qamaria model higher secondary educational institute, Saloora, Ganderbal",School,Medium,34.2069638,74.7689652,Greater Kashmir Region
Government boy's higher secondary school,School,Medium,34.213868,74.7707302,Greater Kashmir Region
Government Girl's Higher Secondary School,School,Medium,34.2102268,74.7659693,Greater Kashmir Region
Government Higher Secondary School Pandrethan,School,Medium,34.0479407,74.8646203,Greater Kashmir Region
Womans College,School,Medium,34.0745199,74.8165189,Greater Kashmir Region
Crescent public school,School,Medium,34.1372727,74.8353824,Greater Kashmir Region
KU model high school,School,Medium,34.138805,74.8364549,Greater Kashmir Region
Islamia high school,School,Medium,34.0998058,74.8074314,Greater Kashmir Region
shehjar,School,Medium,34.1697883,74.8602367,srinagar
International Delhi Public School (IDPS),School,Medium,33.7553138,74.9402315,Greater Kashmir Region
Little Angels High School,School,Medium,34.0674408,74.8242836,Greater Kashmir Region
Govt Girls Higher Secondary School Rajbagh,School,Medium,34.0658073,74.8210702,Greater Kashmir Region
Al Huda Publice School,School,Medium,34.0834281,74.8213204,Greater Kashmir Region
Kendriya Vidyalaya No. 1 School,School,Medium,34.0648658,74.8469234,Greater Kashmir Region
Modern Higer Secondary School Solina,School,Medium,34.0561662,74.8040309,Greater Kashmir Region
New Era Public School,School,Medium,34.0673802,74.8254542,Greater Kashmir Region
Presentation Convent School,School,Medium,34.0696954,74.8216216,Greater Kashmir Region
Simin Rose Garden Montessori School,School,Medium,34.0392883,74.80238,Greater Kashmir Region
Sir Syed Memorial Higher Secondary School,School,Medium,34.0396086,74.7982422,Greater Kashmir Region
Giggles Preparatory School,School,Medium,34.0256688,74.8066198,Greater Kashmir Region
EIC Public School,School,Medium,34.101122,74.7670785,Greater Kashmir Region
J&K Police Public Higher Secondary School,School,Medium,34.0732545,74.7652755,Greater Kashmir Region
Tiny Harts School,School,Medium,34.0630723,74.782829,Greater Kashmir Region
Iqbal Memorial Institute (Girls Block),School,Medium,34.0788193,74.7817814,Greater Kashmir Region
Angels Convent School,School,Medium,34.0466891,74.8115782,Greater Kashmir Region
Genius Public School Creche Cum Preparatory School,School,Medium,34.0278736,74.824096,Greater Kashmir Region
Syed Jaffer Memorial Institute,School,Medium,34.013266,74.7994496,Greater Kashmir Region
Govt. Boys Higher Secondary School Rawal Pora,School,Medium,34.0264594,74.7971847,Greater Kashmir Region
Government Boys Higher Secondary School,School,Medium,34.047561,74.8105868,Greater Kashmir Region
Arun Public High School,School,Medium,34.0474866,74.8096635,Greater Kashmir Region
Vision Public School,School,Medium,34.0212956,74.7721454,Greater Kashmir Region
International Islamic School,School,Medium,34.0354141,74.7834949,Greater Kashmir Region
Alamdar Mission Sec School,School,Medium,34.0080301,74.8128316,Greater Kashmir Region
Crescent Higher Secondary School,School,Medium,34.0415158,74.818232,Greater Kashmir Region
New Caset Secondary School,School,Medium,34.0226846,74.7978903,Greater Kashmir Region
The Kashmir Valley School,School,Medium,34.0133712,74.7677017,Greater Kashmir Region
Orbit Girls School,School,Medium,34.0268099,74.7763921,Greater Kashmir Region
Govenment Higher Secondary Institute,School,Medium,34.0106974,74.8338398,Greater Kashmir Region
Creative Minds Creche Cum Preparatiry School,School,Medium,34.09124,74.8207792,Greater Kashmir Region
Muslim International School,School,Medium,34.0066252,74.8355984,Greater Kashmir Region
Shaheen Public School,School,Medium,34.0957326,74.7897177,Greater Kashmir Region
Caset Higher Secondary School,School,Medium,34.0839883,74.7992901,Greater Kashmir Region
Caset School,School,Medium,34.0828699,74.7983212,Greater Kashmir Region
Lawrence Vidya Bhawan,School,Medium,34.1246534,74.7949558,Greater Kashmir Region
GD Goenka Toddler House,School,Medium,34.1408511,74.8086655,Greater Kashmir Region
Zulfikar Memorial Educational Institute,School,Medium,34.1462538,74.8026359,Greater Kashmir Region
Ramzan Memorial Educational Institute,School,Medium,34.1401225,74.8021585,Greater Kashmir Region
Elen Buds Creche Cum Preparatory School,School,Medium,34.1507353,74.802259,Greater Kashmir Region
Larks International Play Cum Preparatory School,School,Medium,34.1697339,74.8084944,Greater Kashmir Region
Apple Montessori Pre-School,School,Medium,34.1549693,74.8084192,Greater Kashmir Region
Oasis Child Development Centre,School,Medium,34.1522646,74.8054775,Greater Kashmir Region
Usmania Model High School,School,Medium,34.152636,74.8041042,Greater Kashmir Region
Galacy Public Secondary School,School,Medium,34.1785703,74.8082853,Greater Kashmir Region
Standard Public High School,School,Medium,34.1462844,74.8023182,Greater Kashmir Region
Orange International Preparatory School,School,Medium,34.1532451,74.8085502,Greater Kashmir Region
New Wave Public High School,School,Medium,34.1893223,74.8080399,Greater Kashmir Region
Eve's Garden Educational Institute,School,Medium,34.1212842,74.8149112,Greater Kashmir Region
Kidzee,School,Medium,34.1046427,74.830334,Greater Kashmir Region
Kinder Valley International Preparatory School,School,Medium,34.1200383,74.810406,Greater Kashmir Region
Gulistan-I-Atfal School,School,Medium,34.158655,74.8441057,Greater Kashmir Region
Government Girls Higher Secondary School,School,Medium,34.1044954,74.8257318,Greater Kashmir Region
Iqra International School,School,Medium,34.1573345,74.8420022,Greater Kashmir Region
Government Boys High School Batpora,School,Medium,34.159232,74.8449755,Greater Kashmir Region
Islamia Mission Secondary School,School,Medium,34.1239232,74.8169797,Greater Kashmir Region
The Little Legends Schools,School,Medium,34.1410024,74.8301505,Greater Kashmir Region
Muwest High School,School,Medium,34.1044742,74.8278046,Greater Kashmir Region
K2 Educational Institute,School,Medium,34.1331114,74.87766,Greater Kashmir Region
Government Higher Secondary School,School,Medium,34.0264983,74.7971315,Greater Kashmir Region
Sky Light Higher Secondary School,School,Medium,34.0081884,74.9085725,Greater Kashmir Region
Govt. Girls High School,School,Medium,34.0367529,74.7911405,Greater Kashmir Region
MET Higher Secondary School,School,Medium,34.0419902,74.8044519,Greater Kashmir Region
Alchemy Public School,School,Medium,33.9435157,75.1245177,Greater Kashmir Region
Delhi Moder Public School,School,Medium,34.0134446,74.9119653,Greater Kashmir Region
Hamdaniya Mission High School,School,Medium,34.0131269,74.9120025,Greater Kashmir Region
Government Central School,School,Medium,33.9332715,75.1247454,Greater Kashmir Region
Dolphin Public School,School,Medium,33.9282718,75.1138985,Tral
Govt Middle School,School,Medium,33.9269246,75.1129872,Tral
Global Vision School,School,Medium,33.9287351,75.1171777,Tral
"Govt. Girls Higher Secondary School, Noorpora",School,Medium,33.9026361,75.0418451,Noorpora (Geru)
International Islamic School,School,Medium,34.0241564,74.7789248,Srinagar
Holy Faith Presentation School,School,Medium,34.0136849,74.8087831,Srinagar
Govt. Girls High School,School,Medium,34.0131533,74.9159304,Greater Kashmir Region
Guru Nanak School,School,Medium,33.9285702,75.1251733,Tral
Hajahad Public School,School,Medium,33.9139958,75.018965,Greater Kashmir Region
Boys Hr. Sec. School Humhama,School,Medium,34.0177291,74.7702166,Greater Kashmir Region
School,School,Medium,33.9841953,74.9497391,Greater Kashmir Region
Govt. Middle School,School,Medium,33.9851106,74.950085,Greater Kashmir Region
"Government Primary School,",School,Medium,34.1432685,74.4389525,Greater Kashmir Region
Village Model Public School,School,Medium,34.2819435,74.6734103,Chewa
Al-Noor Global School,School,Medium,33.6803895,74.9590921,Greater Kashmir Region
Hamdard Grammar School,School,Medium,33.9529645,75.1412209,Greater Kashmir Region
AKMAL School,School,Medium,33.9528845,75.1460983,Greater Kashmir Region
Srinagar British School,School,Medium,34.0339612,74.8503842,Greater Kashmir Region
Dr. AGM's City School,School,Medium,34.0300344,74.8315282,Greater Kashmir Region
Firdousia English Medium (FEM) Schooll,School,Medium,33.9620538,74.9656188,Greater Kashmir Region
"Govt. Higher Secondary School, Lethpora",School,Medium,33.9659258,74.9592501,Greater Kashmir Region
MTI (Boys Wing),School,Medium,33.9471815,75.1334066,Greater Kashmir Region
Govt. Boys Higher Secondary School,School,Medium,33.9444172,75.1305075,Greater Kashmir Region
Foundation World School (Kindergarten),School,Medium,34.0199029,74.7742482,Budgam
Rainbow international school,School,Medium,34.00513,74.7827807,Budgam
Delhi Public School Budgam (DPS),School,Medium,34.0200392,74.7473143,Greater Kashmir Region
Kite Highlands School,School,Medium,34.0139858,74.7838254,Greater Kashmir Region
Foundation World School (Main),School,Medium,34.000131,74.7168612,Greater Kashmir Region
Govt. Middle School,School,Medium,33.9178766,74.9422948,Ratnipora
Little Angels School,School,Medium,33.9386776,75.1137896,Greater Kashmir Region
Fayaz Educational Institute,School,Medium,34.0351008,74.8180287,Srinagar
Saint Luke's Convent School,School,Medium,33.7385524,75.1636717,Anantnag
Higher Secondary School Devsar,School,Medium,33.6332319,75.079304,Greater Kashmir Region
Al-Mustaqeem International School,School,Medium,34.0337845,74.7908186,Greater Kashmir Region
Oasis Secondary School,School,Medium,34.0233368,74.8197637,Srinagar
Shining Star School,School,Medium,34.0134154,74.8145848,Srinagar
Cambridge Mission School,School,Medium,34.0095292,74.8007117,Srinagar
"Sabir Abdullah School, Tral",School,Medium,33.9340815,75.1174304,Greater Kashmir Region
Saint Xain's Internation School,School,Medium,33.7384544,75.1608255,Anantnag
"Govt. Primary School, Nowdal",School,Medium,33.9181722,75.0784419,Tral
Govt. High School,School,Medium,33.9656019,74.9649224,Greater Kashmir Region
Iqra School,School,Medium,33.9611362,74.9677958,Greater Kashmir Region
Syed Jafar Memorial School,School,Medium,34.0132138,74.7995245,Greater Kashmir Region
Hunar the School of Creativity,School,Medium,34.0009557,74.8158066,Srinagar
"Government Model School, Fisherman Colony",School,Medium,34.1497356,74.8449823,Greater Kashmir Region
Alphabet International School,School,Medium,33.9369866,75.1198792,Tral
"Islamia Public High School, Kralpora",School,Medium,33.9980259,74.8090939,Srinagar
"Govt. High School, Narastan",School,Medium,34.055412,75.1007642,Tral
"Govt. Girls Higher Secondary School, Pulwama",School,Medium,33.8715643,74.901371,Greater Kashmir Region
"Modern Public High School, Dadsara",School,Medium,33.9019988,75.0867453,Tral
Candid Higher Secondary School,School,Medium,34.0286974,74.82483,Greater Kashmir Region
Aglow Public School,School,Medium,33.8935246,75.0698511,Greater Kashmir Region
Govt High School Kawoosa Khalisa,School,Medium,34.1038306,74.6487926,Greater Kashmir Region
Govt Middle School Kawoosa Khalisa,School,Medium,34.1037096,74.6477454,Greater Kashmir Region
Sheikh Ul Alam Public School Kawoosa Khalisa,School,Medium,34.1028969,74.6472724,Kawoosa Khalisa
Govt High School Aripanthan,School,Medium,34.0611573,74.576195,Greater Kashmir Region
Alfalah High School Aripanthan,School,Medium,34.0626761,74.5776155,Greater Kashmir Region
Hanefia Public School Kawoosa,School,Medium,34.1034745,74.6477436,Kawoosa Khalisa
Celestial Bud's High School Checki Kawoosa,School,Medium,34.1128269,74.6583547,Checki Kawoosa
KGBV Boarding School,School,Medium,33.9393971,75.1831976,Greater Kashmir Region
Al-Rasheed International School (The Fun House Playschool),School,Medium,33.9203139,75.0146693,Greater Kashmir Region
Govt Boy's Higher Secondary Magam,School,Medium,34.0928951,74.588175,MAGAM
Green View Public High School Magam,School,Medium,34.0925812,74.5847682,Greater Kashmir Region
R M P High School Magam,School,Medium,34.0939741,74.5820567,Greater Kashmir Region
Govt Girl's Higher Secondary Magam,School,Medium,34.0908746,74.5908852,MAGAM
Lucent International School Magam,School,Medium,34.0913878,74.5859896,Greater Kashmir Region
Holy Mission Public School,School,Medium,34.1173828,74.670089,NARBAL
Govt Middle School Mazhama,School,Medium,34.1019905,74.6237385,Greater Kashmir Region
Govt Primary School Mazhama,School,Medium,34.1005258,74.6193475,Greater Kashmir Region
Hanfia English Medium School Mazhama,School,Medium,34.10282,74.6279351,Mazhama
Govt High School Palpora,School,Medium,34.0514323,74.5481239,Greater Kashmir Region
Govt Primary School Aripanthan,School,Medium,34.057995,74.5762722,Greater Kashmir Region
ARISE School,School,Medium,34.0755981,74.5841109,Greater Kashmir Region
Muslim Institute Of Education,School,Medium,34.0781224,74.584604,Greater Kashmir Region
Kashmir Public School,School,Medium,34.0966999,74.6154345,Greater Kashmir Region
Darul-Uloom,School,Medium,34.0744586,74.5836308,Greater Kashmir Region
Govt Middle School,School,Medium,34.0776609,74.5903372,Greater Kashmir Region
Govt Girl's Higher Secondary School Narbal,School,Medium,34.1115965,74.6678862,Greater Kashmir Region
Govt Boy's High School Narbal,School,Medium,34.1154541,74.6637803,Greater Kashmir Region
"Govt. High School, Koil",School,Medium,33.87946,74.9526457,Greater Kashmir Region
Alamdar Public High School,School,Medium,33.878426,74.9541921,Greater Kashmir Region
"Govt. Girls Middle School, Koil",School,Medium,33.8754059,74.9495564,Greater Kashmir Region
"Dolphin International School, Pulwama",School,Medium,33.8694946,74.9217847,Pulwama
Army Goodwill School Boniyar,School,Medium,34.1458988,74.1922953,Greater Kashmir Region
Govt. Girls Middle School Boniyar,School,Medium,34.1329637,74.1803882,Greater Kashmir Region
New Child Care High School Boniyar,School,Medium,34.1318799,74.1789491,Greater Kashmir Region
Govt. Higher Secondary School Boniyar,School,Medium,34.1320874,74.1794964,Greater Kashmir Region
Govt. Middle School,School,Medium,34.0082028,74.7758474,Greater Kashmir Region
Govt. School,School,Medium,33.9565188,75.0693957,Greater Kashmir Region
Mehjoor Memorial Govt. Boys HSS Pulwama,School,Medium,33.8723071,74.8950873,Pulwama
New style abyass,Supermarket/Wholesale,Medium,34.100803,74.8119602,Greater Kashmir Region
Floating Market,Supermarket/Wholesale,Medium,34.0934471,74.8411443,Greater Kashmir Region
Gulmarg Supplies,Supermarket/Wholesale,Medium,34.0510823,74.3971312,Greater Kashmir Region
Khan Store,Supermarket/Wholesale,Medium,34.0201205,74.8046098,Greater Kashmir Region
Khourgali,Supermarket/Wholesale,Medium,33.1227771,75.0426734,Greater Kashmir Region
Daily Basket,Supermarket/Wholesale,Medium,34.0811933,74.8197665,Greater Kashmir Region
Wave Mart,Supermarket/Wholesale,Medium,34.0841226,74.8236686,Greater Kashmir Region
A Mart Shopping Hub,Supermarket/Wholesale,Medium,34.0818894,74.8205082,Greater Kashmir Region
Pick n Choose,Supermarket/Wholesale,Medium,34.0729305,74.8187688,Greater Kashmir Region
Cash and Carry Departmental Store,Supermarket/Wholesale,Medium,34.0625464,74.8155101,Greater Kashmir Region
7/11 Departmental Store,Supermarket/Wholesale,Medium,34.0290539,74.7977016,Greater Kashmir Region
Easy Pick Shop,Supermarket/Wholesale,Medium,34.0449526,74.8016498,Greater Kashmir Region
G.R and Sons,Supermarket/Wholesale,Medium,34.0405964,74.7996264,Greater Kashmir Region
Hop and Shop,Supermarket/Wholesale,Medium,34.066047,74.7804547,Greater Kashmir Region
City Mart,Supermarket/Wholesale,Medium,34.0972874,74.7721901,Greater Kashmir Region
Al-Banaat Hyper Market,Supermarket/Wholesale,Medium,34.0733155,74.7704814,Greater Kashmir Region
Wholesale Bazaar,Supermarket/Wholesale,Medium,34.0761795,74.7756818,Greater Kashmir Region
Daily Needs Departmental Store,Supermarket/Wholesale,Medium,34.0990744,74.7696568,Greater Kashmir Region
SM Traders,Supermarket/Wholesale,Medium,34.0587797,74.7866644,Greater Kashmir Region
Marhaba Departmental Store,Supermarket/Wholesale,Medium,34.089117,74.7786594,Greater Kashmir Region
Cherry Basket,Supermarket/Wholesale,Medium,34.0461449,74.8141197,Greater Kashmir Region
Wholesale Bazar,Supermarket/Wholesale,Medium,34.0130724,74.7993087,Greater Kashmir Region
Blooms Departmental Store,Supermarket/Wholesale,Medium,34.0160468,74.8100089,Greater Kashmir Region
Urban Mart,Supermarket/Wholesale,Medium,34.0202191,74.8096805,Greater Kashmir Region
Family Mart,Supermarket/Wholesale,Medium,34.0065774,74.7957292,Greater Kashmir Region
City Max Departmental Store,Supermarket/Wholesale,Medium,34.0314672,74.7816966,Greater Kashmir Region
Bhat Provisional Store,Supermarket/Wholesale,Medium,34.0299797,74.7803587,Greater Kashmir Region
Al-Madina Departmental Store,Supermarket/Wholesale,Medium,34.0191205,74.7981838,"Rawalpora, Srinagar"
Panun Bazar,Supermarket/Wholesale,Medium,34.0940694,74.8150369,Greater Kashmir Region
Reyaf Marriage Store,Supermarket/Wholesale,Medium,34.0189065,74.9148262,Greater Kashmir Region
Blueberries Departmental Store,Supermarket/Wholesale,Medium,34.0920415,74.8133271,Greater Kashmir Region
A&H Hyper Market,Supermarket/Wholesale,Medium,34.0157018,74.831262,Greater Kashmir Region
Saudah Salf Tuhund Panun Dukaan,Supermarket/Wholesale,Medium,34.0131996,74.8315669,Greater Kashmir Region
Downtown Supermarket,Supermarket/Wholesale,Medium,34.0974551,74.8124478,Greater Kashmir Region
K-Mart Departmental Store,Supermarket/Wholesale,Medium,34.0091272,74.8348385,Greater Kashmir Region
Nisar Enterprises,Supermarket/Wholesale,Medium,34.0192097,74.9145703,Greater Kashmir Region
Star Super Market,Supermarket/Wholesale,Medium,34.0486661,74.8658826,Greater Kashmir Region
D3 Super Mart,Supermarket/Wholesale,Medium,34.0952164,74.7934716,Greater Kashmir Region
Khaleel Stores,Supermarket/Wholesale,Medium,34.095196,74.7905527,Greater Kashmir Region
Niyamat Departmental Store,Supermarket/Wholesale,Medium,34.0873912,74.8032113,Greater Kashmir Region
New Raja Trading Company,Supermarket/Wholesale,Medium,34.0870943,74.8114291,Greater Kashmir Region
Balas Store,Supermarket/Wholesale,Medium,34.0895668,74.8010381,Greater Kashmir Region
The Balas Store,Supermarket/Wholesale,Medium,34.0868762,74.7952641,Greater Kashmir Region
Pack More Pay Less,Supermarket/Wholesale,Medium,34.0783843,74.8087236,Greater Kashmir Region
Manzoor and Co,Supermarket/Wholesale,Medium,34.0818113,74.8011453,Greater Kashmir Region
Karimore Supermarket,Supermarket/Wholesale,Medium,34.0785254,74.8135619,Greater Kashmir Region
RW Trading Company,Supermarket/Wholesale,Medium,34.0843467,74.7973116,Greater Kashmir Region
Best Buy Departmental Store,Supermarket/Wholesale,Medium,34.0948618,74.7916239,Greater Kashmir Region
Cash and Carry,Supermarket/Wholesale,Medium,34.0783613,74.8120356,Greater Kashmir Region
Mehboob Departmental Store,Supermarket/Wholesale,Medium,34.0770663,74.7984467,Greater Kashmir Region
Valley Agency Cosmetics Oriflame,Supermarket/Wholesale,Medium,34.0888976,74.8006738,Greater Kashmir Region
Kirmani's Store,Supermarket/Wholesale,Medium,34.0900319,74.7931528,Greater Kashmir Region
Pandit General Store,Supermarket/Wholesale,Medium,34.0889499,74.8014925,Greater Kashmir Region
Brothers Departmental Store,Supermarket/Wholesale,Medium,34.0923286,74.7920039,Greater Kashmir Region
Shah Store,Supermarket/Wholesale,Medium,34.118435,74.7956821,Greater Kashmir Region
Zahoor Provisional Store,Supermarket/Wholesale,Medium,34.1149009,74.7946836,Greater Kashmir Region
Sheikh Provisional Store,Supermarket/Wholesale,Medium,34.1114125,74.7942935,Greater Kashmir Region
City Bazar,Supermarket/Wholesale,Medium,34.1187709,74.7955493,Greater Kashmir Region
Daily Wholesale,Supermarket/Wholesale,Medium,34.1122995,74.8086693,Greater Kashmir Region
Boomerang,Supermarket/Wholesale,Medium,34.1222056,74.8065878,Greater Kashmir Region
Taiba Deaprtmental Store,Supermarket/Wholesale,Medium,34.1360311,74.8048655,Greater Kashmir Region
Swift Departmental Store,Supermarket/Wholesale,Medium,34.1279604,74.8058757,Greater Kashmir Region
Family Mart Departmental Store,Supermarket/Wholesale,Medium,34.1442656,74.8021622,Greater Kashmir Region
Twenty-20,Supermarket/Wholesale,Medium,34.1472394,74.8083935,Greater Kashmir Region
Ali Jaana Bazar 24x7,Supermarket/Wholesale,Medium,34.1804068,74.8081229,Greater Kashmir Region
20 Seven,Supermarket/Wholesale,Medium,34.1171049,74.8064075,Greater Kashmir Region
Al-Mass Departmental Stire,Supermarket/Wholesale,Medium,34.1500522,74.8021872,Greater Kashmir Region
Hindustan Unilever M/S Foods,Supermarket/Wholesale,Medium,34.1796425,74.8073368,Greater Kashmir Region
Lemon Tree Departmental Store,Supermarket/Wholesale,Medium,34.1524015,74.8082111,Greater Kashmir Region
Shifaaf Foods,Supermarket/Wholesale,Medium,34.1793963,74.8072329,Greater Kashmir Region
Asrar Departmental Store,Supermarket/Wholesale,Medium,34.1685454,74.8086304,Greater Kashmir Region
Asian Mart,Supermarket/Wholesale,Medium,34.191701,74.8073995,Greater Kashmir Region
Shah's The Super Market,Supermarket/Wholesale,Medium,34.1210058,74.8142308,Greater Kashmir Region
The Razaaq Departmental Store,Supermarket/Wholesale,Medium,34.1094932,74.8355577,Greater Kashmir Region
Great Deals,Supermarket/Wholesale,Medium,34.132977,74.8774987,Greater Kashmir Region
Food Store,Supermarket/Wholesale,Medium,34.1510888,74.8374084,Greater Kashmir Region
Weth Supermarket,Supermarket/Wholesale,Medium,34.1439027,74.8379287,Greater Kashmir Region
The Royal Bazar,Supermarket/Wholesale,Medium,34.0937485,74.8204308,Greater Kashmir Region
Life Mart Departmental Store,Supermarket/Wholesale,Medium,34.1465448,74.8337764,Greater Kashmir Region
Master Store,Supermarket/Wholesale,Medium,34.1548773,74.8403984,Greater Kashmir Region
Wani General Store,Supermarket/Wholesale,Medium,34.1425327,74.8310577,Greater Kashmir Region
SZ Departmental Store,Supermarket/Wholesale,Medium,34.0853987,74.8382533,Greater Kashmir Region
Family Mart,Supermarket/Wholesale,Medium,34.1195449,74.8357131,Greater Kashmir Region
Goodluck Departmental Store,Supermarket/Wholesale,Medium,34.1086059,74.835167,Greater Kashmir Region
Crossing Mart,Supermarket/Wholesale,Medium,34.1498588,74.8365253,Greater Kashmir Region
The Royal Store,Supermarket/Wholesale,Medium,34.0849425,74.8376153,Greater Kashmir Region
Beigh Store,Supermarket/Wholesale,Medium,34.1216989,74.8157132,Greater Kashmir Region
Tayyab Store,Supermarket/Wholesale,Medium,34.1517914,74.8380834,Greater Kashmir Region
Curio Mart,Supermarket/Wholesale,Medium,34.1198104,74.8357932,Greater Kashmir Region
Tariq P/S Departmental Store,Supermarket/Wholesale,Medium,34.1503196,74.8365552,Greater Kashmir Region
Fresh n Fine Departmental Store,Supermarket/Wholesale,Medium,34.1512002,74.8375066,Greater Kashmir Region
Super Bazaar,Supermarket/Wholesale,Medium,34.1466398,74.8719883,Greater Kashmir Region
Irfan Enterprises,Supermarket/Wholesale,Medium,34.1352328,74.8287757,Greater Kashmir Region
Asian Trade Lines,Supermarket/Wholesale,Medium,34.1297461,74.8316416,Greater Kashmir Region
Inco Foods,Supermarket/Wholesale,Medium,34.099077,74.8151271,Greater Kashmir Region
Black Bough Departmental Store,Supermarket/Wholesale,Medium,34.1348417,74.8261288,Greater Kashmir Region
S-mart,Supermarket/Wholesale,Medium,33.7251639,75.1565391,Greater Kashmir Region
Store,Supermarket/Wholesale,Medium,33.7282412,75.1532987,Greater Kashmir Region
Shop,Supermarket/Wholesale,Medium,33.1965595,74.8522677,Greater Kashmir Region
shop,Supermarket/Wholesale,Medium,33.2065608,74.8963281,Greater Kashmir Region
Muffins Store,Supermarket/Wholesale,Medium,34.1321956,74.8043487,Greater Kashmir Region
Vishal Mega Mart,Supermarket/Wholesale,Medium,34.0461963,74.7881397,Greater Kashmir Region
H2 Mart,Supermarket/Wholesale,Medium,33.9325595,75.1151376,Greater Kashmir Region
Rivaaj Trading Private Limited,Supermarket/Wholesale,Medium,33.7360846,75.1587331,Anantnag
Your Everyday Needs,Supermarket/Wholesale,Medium,34.0463085,74.8701135,Greater Kashmir Region
Roots Of Kashmir,Supermarket/Wholesale,Medium,34.1024345,74.8274876,Srinagar
RK FURNITURE WORKS,Supermarket/Wholesale,Medium,33.1533623,74.2428706,JAMMU
7Heven Supermarket,Supermarket/Wholesale,Medium,34.4188313,74.5974702,Patushay
abdur rahman and sons,Supermarket/Wholesale,Medium,34.2295632,74.7514134,Thuru
New Mart,Supermarket/Wholesale,Medium,33.7375653,75.1478615,Greater Kashmir Region
S3 Super Mart,Supermarket/Wholesale,Medium,33.9318615,75.1130196,Greater Kashmir Region
Daily Needs Mart,Supermarket/Wholesale,Medium,34.0256387,74.8214558,Srinagar
Pakerpora,Supermarket/Wholesale,Medium,33.8151851,74.764202,Greater Kashmir Region
Pakherpora,Supermarket/Wholesale,Medium,33.8151679,74.7641873,Greater Kashmir Region
Dayton Convenience Store,Supermarket/Wholesale,Medium,34.0890505,74.7705897,Greater Kashmir Region
