S. No,Office Name,Registration No.,Registration Date,Vehicle Category,Vehicle Type,Vehicle Class,Permit Type,Permit Category,Permit Issue Date,Permit Valid From,Permit Upto,Region Covered,Route Covered,From Location,To Location,Via Location,Permit Service Type Name,Registration Finacial year,Permit Finacial year,Vehicle Fuel,Goods To Carry,E-Bus Identifier
12373.0,SRINAGAR RTO,JK01AA3048,06-Aug-15,LPV,Commercial,Bus,Stage Carriage Permit,MEDIUM BUSES,06-May-90,06-May-23,05-May-28,EASTERN AREA OF SGR ROTATION BASIS,,Parimpora,Hazratbal,Qamarwari,Ordinary Service,2015-2016,1990-1991,DIESEL,,
12378.0,SRINAGAR RTO,JK01AA7014,30-Sep-15,MPV,Commercial,Bus,Stage Carriage Permit,MINI BUSES FOR URBAN ROUTES,01-Mar-16,02-Jan-25,01-Jan-30,GANDERBAL DISTRICT ONLY,,SOURA,GADOORA,GANDERBAL,Ordinary Service,2015-2016,2015-2016,DIESEL,,
12379.0,SRINAGAR RTO,JK01AA7020,30-Sep-15,LPV,Commercial,Bus,Stage Carriage Permit,MEDIUM BUSES,02-Jan-16,02-Jan-20,01-Jan-25,,,SOURA,GANDERBAL,BUCHPORA,Ordinary Service,2015-2016,2015-2016,DIESEL,,
12380.0,SRINAGAR RTO,JK01AA8267,15-Oct-15,LPV,Commercial,Bus,Stage Carriage Permit,MEDIUM BUSES,02-Jan-16,02-Jan-20,01-Jan-25,,,SOURA,GANDERBAL,BUCHPORA,Ordinary Service,2015-2016,2015-2016,DIESEL,,
12383.0,SRINAGAR RTO,JK01AB4797,03-Mar-16,MPV,Commercial,Bus,Stage Carriage Permit,MEDIUM BUSES,06-Jul-98,06-Jul-20,05-Jul-25,WESTERN AREA OF SRINAGAR CITY,,Jehangir Chowk,Soura,Eid Gah,Ordinary Service,2015-2016,1998-1999,DIESEL,,
12388.0,SRINAGAR RTO,JK01AB8023,03-May-16,LPV,Commercial,Bus,Stage Carriage Permit,MINI BUSES FOR URBAN ROUTES,21-Aug-98,29-May-23,28-May-28,,,TRC,HAZRATBAL,"KHAYAM,KHANYAR,RAINAWARI,SAIDA KADAL,DALGATE",Ordinary Service,2016-2017,1998-1999,DIESEL,,
12398.0,SRINAGAR RTO,JK01AD8717,18-May-17,MPV,Commercial,Bus,Stage Carriage Permit,MEDIUM BUSES,22-Sep-07,22-Sep-23,21-Sep-28,EASTERN AREA OF SGR ROTATION BASIS,,Soura,Railway Station,Dalgate,,2017-2018,2007-2008,DIESEL,,
12400.0,SRINAGAR RTO,JK01AE1787,21-Jun-17,MPV,Commercial,Bus,Stage Carriage Permit,MEDIUM BUSES,12-Apr-97,12-Apr-24,11-Apr-29,EASTERN AREA OF SGR ROTATION BASIS,,Soura,LD,Lalchowk,,2017-2018,1997-1998,DIESEL,,
12401.0,SRINAGAR RTO,JK01AH8787,22-Aug-17,MPV,Commercial,Bus,Stage Carriage Permit,MEDIUM BUSES,09-Sep-25,09-Sep-25,08-Sep-30,EASTERN AREA OF SGR ROTATION BASIS,,Malbagh,LD,Illahibagh,Ordinary Service,2017-2018,2025-2026,DIESEL,,
12405.0,SRINAGAR RTO,JK01AM1717,15-Jun-24,LPV,Commercial,Bus,Stage Carriage Permit,MEDIUM BUSES,15-Oct-24,15-Oct-24,14-Oct-29,WESTERN AREA OF SRINAGAR CITY,,Jehangir Chowk,JVC,Batamallo,,2024-2025,2024-2025,DIESEL,,
12408.0,SRINAGAR RTO,JK01AR1515,06-Jul-24,LPV,Commercial,Bus,Stage Carriage Permit,MEDIUM BUSES,15-Oct-24,15-Oct-24,14-Oct-29,WESTERN AREA OF SRINAGAR CITY,,Jehangir Chowk,JVC,Bemina,,2024-2025,2024-2025,DIESEL,,
12411.0,SRINAGAR RTO,JK01AV0415,30-Oct-23,LPV,Commercial,Bus,Stage Carriage Permit,MEDIUM BUSES,31-Jul-24,31-Jul-24,30-Jul-29,WESTERN AREA OF SRINAGAR CITY,,Soura,Parimpora,Sakidafar,,2023-2024,2024-2025,DIESEL,,
12412.0,SRINAGAR RTO,JK01AV0605,01-Nov-23,LPV,Commercial,Bus,Stage Carriage Permit,MINI BUSES FOR URBAN ROUTES,25-Jan-24,25-Jan-24,24-Jan-29,EASTERN AREA OF SGR ROTATION BASIS,,Soura,Hazratbal,Buchpora,,2023-2024,2023-2024,DIESEL,,
12413.0,SRINAGAR RTO,JK01AV4095,22-Nov-23,LPV,Commercial,Bus,Stage Carriage Permit,MEDIUM BUSES,20-Jun-24,20-Jun-24,19-Jun-29,EASTERN AREA OF SGR ROTATION BASIS,,Soura,LD,Nowhata,,2023-2024,2024-2025,DIESEL,,
12427.0,SRINAGAR RTO,JK01AW1818,19-Apr-24,LPV,Commercial,Bus,Stage Carriage Permit,MEDIUM BUSES,15-Oct-24,15-Oct-24,14-Oct-29,WESTERN AREA OF SRINAGAR CITY,,Jehangir Chowk,JVC,Bemina,,2024-2025,2024-2025,DIESEL,,
12428.0,SRINAGAR RTO,JK01AW1919,23-Apr-24,LPV,Commercial,Bus,Stage Carriage Permit,MEDIUM BUSES,15-Oct-24,15-Oct-24,14-Oct-29,WESTERN AREA OF SRINAGAR CITY,,Jehangir Chowk,JVC,Bemina,,2024-2025,2024-2025,DIESEL,,
12432.0,SRINAGAR RTO,JK01AW5015,27-May-24,LPV,Commercial,Bus,Stage Carriage Permit,MEDIUM BUSES,10-Oct-24,10-Oct-24,09-Oct-29,WESTERN AREA OF SRINAGAR CITY,,Jehangir Chowk,Budgam,Khumani Chowk,,2024-2025,2024-2025,DIESEL,,
12433.0,SRINAGAR RTO,JK01AW6453,20-Jun-24,LPV,Commercial,Bus,Stage Carriage Permit,MEDIUM BUSES,09-Oct-24,09-Oct-24,08-Oct-29,EASTERN AREA OF SGR ROTATION BASIS,,Parimpora,Saidakadal,Dalgate,,2024-2025,2024-2025,DIESEL,,
12435.0,SRINAGAR RTO,JK01AW8722,03-Jul-24,LPV,Commercial,Bus,Stage Carriage Permit,MEDIUM BUSES,10-Oct-24,10-Oct-24,09-Oct-29,WESTERN AREA OF SRINAGAR CITY,,Jehangir Chowk,JVC,Bemina,,2024-2025,2024-2025,DIESEL,,
12438.0,SRINAGAR RTO,JK01AW9836,04-Jul-24,LPV,Commercial,Bus,Stage Carriage Permit,MEDIUM BUSES,15-Oct-24,15-Oct-24,14-Oct-29,WESTERN AREA OF SRINAGAR CITY,,Sora,Parimpora,Qamarwari,,2024-2025,2024-2025,DIESEL,,
12441.0,SRINAGAR RTO,JK01AX5915,13-Sep-24,LPV,Commercial,Bus,Stage Carriage Permit,MEDIUM BUSES,20-Nov-24,20-Nov-24,19-Nov-29,EASTERN AREA OF SGR ROTATION BASIS,,Jehangir Chowk,HMT,Parimpora,,2024-2025,2024-2025,DIESEL,,
12455.0,SRINAGAR RTO,JK01BA4826,25-Feb-25,LPV,Commercial,Bus,Stage Carriage Permit,MEDIUM BUSES,05-Nov-25,05-Nov-25,04-Nov-30,WITHIN SRINAGAR CITY,,Parimpora,Pantha chowk,Dalgate,,2024-2025,2025-2026,DIESEL,,
12456.0,SRINAGAR RTO,JK01BA5230,03-Mar-25,LPV,Commercial,Bus,Stage Carriage Permit,MINI BUSES FOR URBAN ROUTES,25-Oct-25,25-Oct-25,24-Oct-30,WESTERN AREA OF SRINAGAR CITY,,Soura,LD,Buchpora,Ordinary Service,2024-2025,2025-2026,DIESEL,,
12457.0,SRINAGAR RTO,JK01BA5664,08-Mar-25,MPV,Commercial,Bus,Stage Carriage Permit,MEDIUM BUSES,11-Nov-25,11-Nov-25,10-Nov-30,WESTERN AREA OF SRINAGAR CITY,,Parimpora,Chadora,Jehangir Chowk,Ordinary Service,2024-2025,2025-2026,DIESEL,,
12458.0,SRINAGAR RTO,JK01BA5764,11-Mar-25,LPV,Commercial,Bus,Stage Carriage Permit,MEDIUM BUSES,16-Sep-25,16-Sep-25,15-Sep-30,EASTERN AREA OF SGR ROTATION BASIS,,Soura,LD,Dalgate,Ordinary Service,2024-2025,2025-2026,DIESEL,,
12459.0,SRINAGAR RTO,JK01BA5819,12-Mar-25,LPV,Commercial,Bus,Stage Carriage Permit,MEDIUM BUSES,13-Nov-25,13-Nov-25,12-Nov-30,WITHIN SRINAGAR CITY,,Soura,Railway Station,Sonawar,,2024-2025,2025-2026,DIESEL,,
12460.0,SRINAGAR RTO,JK01BA6663,13-Jan-25,LPV,Commercial,Bus,Stage Carriage Permit,MEDIUM BUSES,25-Oct-25,25-Oct-25,24-Oct-30,EASTERN AREA OF SGR ROTATION BASIS,,Soura,Hazratbal,Buchpora,,2024-2025,2025-2026,DIESEL,,
12461.0,SRINAGAR RTO,JK01BA8717,03-Feb-25,LPV,Commercial,Bus,Stage Carriage Permit,MEDIUM BUSES,26-Sep-25,26-Sep-25,25-Sep-30,EASTERN AREA OF SGR ROTATION BASIS,,Sora,LD,Dalgate,Ordinary Service,2024-2025,2025-2026,DIESEL,,
12462.0,SRINAGAR RTO,JK01BA9093,17-Feb-25,LPV,Commercial,Bus,Stage Carriage Permit,MEDIUM BUSES,16-Sep-25,16-Sep-25,15-Sep-30,EASTERN AREA OF SGR ROTATION BASIS,,Baghat Shora,Lalchowk,Nowhata,,2024-2025,2025-2026,DIESEL,,
12464.0,SRINAGAR RTO,JK01BA9644,22-Apr-25,MPV,Commercial,Bus,Stage Carriage Permit,MEDIUM BUSES,10-Nov-25,10-Nov-25,09-Nov-30,WESTERN AREA OF SRINAGAR CITY,,Jehangir Chowk,JVC,Bemina,Ordinary Service,2025-2026,2025-2026,DIESEL,,
12648.0,SRINAGAR RTO,JK01E7523,21-Apr-01,LPV,Commercial,Bus,Stage Carriage Permit,MINI BUSES FOR URBAN ROUTES,16-May-85,16-May-21,15-May-26,EASTERN AREA OF SGR ROTATION BASIS,,Soura,LD,90feet,Ordinary Service,2001-2002,1985-1986,DIESEL,,
12656.0,SRINAGAR RTO,JK01E8692,15-Jun-01,MPV,Commercial,Bus,Stage Carriage Permit,MEDIUM BUSES,11-Aug-01,11-Aug-23,10-Aug-28,WESTERN AREA OF SRINAGAR CITY,,Soura,Parimpora,Hawal,Express Service,2001-2002,2001-2002,DIESEL,,
12671.0,SRINAGAR RTO,JK01F0135,25-Aug-01,MPV,Commercial,Bus,Stage Carriage Permit,MEDIUM BUSES,09-May-85,09-May-20,08-May-25,EASTERN AREA OF SGR ROTATION BASIS,,Qamarwari,PathaChowk,Dalgate,Ordinary Service,2001-2002,1985-1986,DIESEL,,
12680.0,SRINAGAR RTO,JK01F1693,07-Nov-01,MPV,Commercial,Bus,Stage Carriage Permit,MINI BUSES FOR RURAL ROUTES,23-Mar-02,23-Mar-21,22-Mar-26,EASTERN AREA OF SGR ROTATION BASIS,,Hazratbal,LD,Rainawari,,2001-2002,2001-2002,DIESEL,,
12692.0,SRINAGAR RTO,JK01F2397,27-Dec-01,MPV,Commercial,Bus,Stage Carriage Permit,MEDIUM BUSES,03-Jan-02,05-Jan-23,04-Jan-28,OUTSKIRTS OF SRINAGAR CITY,,Lalbazar ,Parimpora,Qamarwari,,2001-2002,2001-2002,DIESEL,,
12694.0,SRINAGAR RTO,JK01F2433,01-Jan-02,MPV,Commercial,Bus,Stage Carriage Permit,MEDIUM BUSES,07-Jan-02,07-Jan-24,06-Jan-29,OUTSKIRTS OF SRINAGAR CITY,,Parimpora ,Rawalpora,Jehangir Chowk,,2001-2002,2001-2002,DIESEL,,
12700.0,SRINAGAR RTO,JK01F3087,21-Feb-02,MPV,Commercial,Bus,Stage Carriage Permit,MINI BUSES FOR RURAL ROUTES,22-May-89,22-May-20,21-May-25,WESTERN AREA OF SRINAGAR CITY,,Parimpora,Chadora,Jehangir Chowk,Ordinary Service,2001-2002,1989-1990,DIESEL,,
12704.0,SRINAGAR RTO,JK01F3101,26-Feb-02,LPV,Commercial,Bus,Stage Carriage Permit,MINI BUSES FOR URBAN ROUTES,10-May-89,09-May-23,08-May-28,WESTERN AREA OF SGR ROTATION BASIS,,Soura,Jehangir Chowk,Zonimar,Ordinary Service,2001-2002,1989-1990,DIESEL,,
12707.0,SRINAGAR RTO,JK01F3462,13-Mar-02,MPV,Commercial,Bus,Stage Carriage Permit,MINI BUSES FOR URBAN ROUTES,16-Mar-02,16-Mar-23,15-Mar-28,OUTSKIRTS OF SRINAGAR CITY,,Lalbazar ,Parimpora,Qamarwari,Ordinary Service,2001-2002,2001-2002,DIESEL,,
12713.0,SRINAGAR RTO,JK01F3899,03-Apr-02,MPV,Commercial,Bus,Stage Carriage Permit,MINI BUSES FOR RURAL ROUTES,10-Apr-02,09-Apr-24,08-Apr-29,WESTERN AREA OF SGR ROTATION BASIS,,HMT,Jehangir Chowk,Batamallo,,2002-2003,2002-2003,DIESEL,,
12718.0,SRINAGAR RTO,JK01F4749,02-May-02,MPV,Commercial,Bus,Stage Carriage Permit,MINI BUSES FOR RURAL ROUTES,15-Apr-02,16-Apr-24,15-Apr-29,WESTERN AREA OF SRINAGAR CITY,,SafaKadal ,Jehangir Chowk,SMHS,,2002-2003,2002-2003,DIESEL,,
12722.0,SRINAGAR RTO,JK01F4944,08-May-02,MPV,Commercial,Bus,Stage Carriage Permit,MEDIUM BUSES,07-Jul-02,07-Jul-23,06-Jul-28,WESTERN AREA OF SRINAGAR CITY,,SafaKadal ,Jehangir Chowk,SMHS,Express Service,2002-2003,2002-2003,DIESEL,,
12725.0,SRINAGAR RTO,JK01F5224,20-May-02,MPV,Commercial,Bus,Stage Carriage Permit,MEDIUM BUSES,31-Mar-02,31-Mar-25,30-Mar-30,WESTERN AREA OF SRINAGAR CITY,,SafaKadal ,Jehangir Chowk,SMHS,,2002-2003,2001-2002,DIESEL,,
12731.0,SRINAGAR RTO,JK01F5489,06-Jun-02,MPV,Commercial,Bus,Stage Carriage Permit,MEDIUM BUSES,21-Jun-02,21-Jun-20,20-Jun-25,EASTERN AREA OF SGR ROTATION BASIS,,Jehangir Chowk,JVC,Bemina,Express Service,2002-2003,2002-2003,DIESEL,,
12733.0,SRINAGAR RTO,JK01F5505,07-Jun-02,MPV,Commercial,Bus,Stage Carriage Permit,MEDIUM BUSES,10-Jul-02,10-Jul-21,09-Jul-25,OUTSKIRTS OF SRINAGAR CITY,,Parimpora,Rangrath,Bypass,Express Service,2002-2003,2002-2003,DIESEL,,
12734.0,SRINAGAR RTO,JK01F5665,11-Jun-02,MPV,Commercial,Bus,Stage Carriage Permit,MEDIUM BUSES,04-Jan-96,23-Feb-22,22-Feb-27,WESTERN AREA OF SGR ROTATION BASIS,,Batamallo,Pantha chowk,Mominabad Tengpora,,2002-2003,1995-1996,DIESEL,,
12738.0,SRINAGAR RTO,JK01F5918,20-Jun-02,MPV,Commercial,Bus,Stage Carriage Permit,MINI BUSES FOR URBAN ROUTES,15-Feb-87,15-Feb-23,14-Feb-28,WESTERN AREA OF SRINAGAR CITY,,Jehangir Chowk,Budgam,Khumani Chowk,,2002-2003,1986-1987,DIESEL,,
12741.0,SRINAGAR RTO,JK01F6178,29-Jun-02,LPV,Commercial,Bus,Stage Carriage Permit,MINI BUSES FOR URBAN ROUTES,11-Nov-97,10-Nov-20,09-Nov-25,EASTERN AREA OF SGR ROTATION BASIS,,Parimpora,Panthachowk,Dalgate,,2002-2003,1997-1998,DIESEL,,
12743.0,SRINAGAR RTO,JK01F6304,03-Jul-02,MPV,Commercial,Bus,Stage Carriage Permit,MEDIUM BUSES,20-Jul-02,25-Jul-25,24-Jul-30,WESTERN AREA OF SGR ROTATION BASIS,,Soura,Jehangir Chowk,Zonimar,,2002-2003,2002-2003,DIESEL,,
12747.0,SRINAGAR RTO,JK01F7436,07-Aug-02,MPV,Commercial,Bus,Stage Carriage Permit,MINI BUSES FOR URBAN ROUTES,03-Jul-89,16-Sep-23,15-Sep-28,WESTERN AREA OF SRINAGAR CITY,,Narbal,Jehangir Chowk,Qamarwari,,2002-2003,1989-1990,DIESEL,,
12761.0,SRINAGAR RTO,JK01F8997,19-Oct-02,MPV,Commercial,Bus,Stage Carriage Permit,MINI BUSES FOR URBAN ROUTES,25-Oct-02,25-Oct-22,24-Oct-27,,,QAMARWARI,DALGATE,BATMALOO,Ordinary Service,2002-2003,2002-2003,DIESEL,,
12762.0,SRINAGAR RTO,JK01F9402,06-Nov-02,MPV,Commercial,Bus,Stage Carriage Permit,MINI BUSES FOR RURAL ROUTES,02-Dec-96,01-Dec-22,30-Nov-27,EASTERN AREA OF SGR ROTATION BASIS,,Batamallo,Panthachowk,Tengpora,Ordinary Service,2002-2003,1996-1997,DIESEL,,
12768.0,SRINAGAR RTO,JK01G0206,11-Mar-03,MPV,Commercial,Bus,Stage Carriage Permit,MINI BUSES FOR RURAL ROUTES,24-May-04,24-May-23,23-May-28,EASTERN AREA OF SGR ROTATION BASIS,,LD,Panthachowk,Dalgate,Ordinary Service,2002-2003,2004-2005,DIESEL,,
12783.0,SRINAGAR RTO,JK01G4803,05-Aug-03,MPV,Commercial,Bus,Stage Carriage Permit,MINI BUSES FOR RURAL ROUTES,17-Apr-92,16-Apr-25,15-Apr-30,WESTERN AREA OF SGR ROTATION BASIS,,Parimpora,Chadora,Jehangir Chowk,,2003-2004,1992-1993,DIESEL,,
12786.0,SRINAGAR RTO,JK01G5150,18-Aug-03,MPV,Commercial,Bus,Stage Carriage Permit,MEDIUM BUSES,18-Nov-96,18-Nov-25,17-Nov-30,EASTERN AREA OF SGR ROTATION BASIS,,Panthachowk,LD,Dalgate,Ordinary Service,2003-2004,1996-1997,DIESEL,,
12794.0,SRINAGAR RTO,JK01G7406,12-Nov-03,MPV,Commercial,Bus,Stage Carriage Permit,MINI BUSES FOR URBAN ROUTES,16-Mar-92,16-Mar-23,15-Mar-28,WESTERN AREA OF SRINAGAR CITY,,QAMARWARI,BAGHI MEHTAB,"EXB CROSSING,",Ordinary Service,2003-2004,1991-1992,DIESEL,,
12813.0,SRINAGAR RTO,JK01H0113,06-May-04,LPV,Commercial,Bus,Stage Carriage Permit,MINI BUSES FOR URBAN ROUTES,10-Oct-73,01-Apr-23,31-Mar-28,WESTERN AREA OF SRINAGAR CITY,,Parimpora,Jawahirnagar,LD,,2004-2005,1973-1974,DIESEL,,
12815.0,SRINAGAR RTO,JK01H0211,10-May-04,MPV,Commercial,Bus,Stage Carriage Permit,MEDIUM BUSES,17-Mar-99,16-Mar-21,15-Mar-26,EASTERN AREA OF SGR ROTATION BASIS,,Hazratbal,LD,Rainawara,Express Service,2004-2005,1998-1999,DIESEL,,
12822.0,SRINAGAR RTO,JK01H2560,29-Jun-04,MPV,Commercial,Bus,Stage Carriage Permit,MEDIUM BUSES,23-May-89,23-May-25,22-May-30,WESTERN AREA OF SRINAGAR CITY,,Jehangir Chowk,HMT,Parimpora,,2004-2005,1989-1990,DIESEL,,
12823.0,SRINAGAR RTO,JK01H2561,29-Jun-04,MPV,Commercial,Bus,Stage Carriage Permit,MEDIUM BUSES,21-Mar-89,07-Dec-20,06-Dec-25,WESTERN AREA OF SRINAGAR CITY,,Qamarwari,Dalgate,Khanyar,Ordinary Service,2004-2005,1988-1989,DIESEL,,
12833.0,SRINAGAR RTO,JK01H6032,28-Oct-04,MPV,Commercial,Bus,Stage Carriage Permit,MINI BUSES FOR RURAL ROUTES,02-Nov-04,02-Nov-25,01-Nov-30,WITHIN SRINAGAR CITY,,CHANAPORA,SOURA,"RAMBAGH, EXCROSSING, BUND , SRTC, NEW BRIDGE, KHAYA, RAJOURI KADAL",Ordinary Service,2004-2005,2004-2005,DIESEL,,
12845.0,SRINAGAR RTO,JK01H7217,11-Dec-04,MPV,Commercial,Bus,Stage Carriage Permit,MINI BUSES FOR RURAL ROUTES,28-Dec-04,28-Dec-24,27-Dec-29,EASTERN AREA OF SGR ROTATION BASIS,,SOURA,GANDERBAL,BUCHPORA,,2004-2005,2004-2005,DIESEL,,
12859.0,SRINAGAR RTO,JK01H9327,02-May-05,MPV,Commercial,Bus,Stage Carriage Permit,MEDIUM BUSES,17-Apr-92,17-Apr-25,16-Apr-30,EASTERN AREA OF SGR ROTATION BASIS,,"Hazratbal, Lalbazar",Parimpora,Rajiakadal,Town/City Service,2005-2006,1992-1993,DIESEL,,
12872.0,SRINAGAR RTO,JK01J2940,19-Aug-05,MPV,Commercial,Bus,Stage Carriage Permit,MINI BUSES FOR URBAN ROUTES,31-Oct-00,06-Jan-23,05-Jan-28,EASTERN AREA OF SGR ROTATION BASIS,,SafaKadal ,Jehangir Chowk,Karanangar,Ordinary Service,2005-2006,2000-2001,DIESEL,,
12873.0,SRINAGAR RTO,JK01J3159,30-Aug-05,LPV,Commercial,Bus,Stage Carriage Permit,MINI BUSES FOR RURAL ROUTES,28-May-05,02-May-20,01-May-25,EASTERN AREA OF SGR ROTATION BASIS,,Hazratbal,LD,Rainawara,Ordinary Service,2005-2006,2005-2006,DIESEL,,
12876.0,SRINAGAR RTO,JK01J5532,07-Dec-05,MPV,Commercial,Bus,Stage Carriage Permit,MINI BUSES FOR RURAL ROUTES,28-Apr-05,29-Apr-25,28-Apr-30,WITHIN SRINAGAR CITY,,Narbal,Jehangir Chowk,Qamarwari,,2005-2006,2005-2006,DIESEL,,
12887.0,SRINAGAR RTO,JK01J7136,20-Mar-06,MPV,Commercial,Bus,Stage Carriage Permit,MEDIUM BUSES,14-Jun-00,13-Jun-22,12-Jun-27,EASTERN AREA OF SGR ROTATION BASIS,,Jehangir Chowk,Bemina,Batamallo,Ordinary Service,2005-2006,2000-2001,DIESEL,,
12890.0,SRINAGAR RTO,JK01J7271,25-Mar-06,MPV,Commercial,Bus,Stage Carriage Permit,MINI BUSES FOR URBAN ROUTES,09-Sep-99,09-Sep-23,08-Sep-28,EASTERN AREA OF SGR ROTATION BASIS,,LD,Pampore,Dalgate,,2005-2006,1999-2000,DIESEL,,
12896.0,SRINAGAR RTO,JK01J7707,18-Apr-06,MPV,Commercial,Bus,Stage Carriage Permit,MINI BUSES FOR URBAN ROUTES,20-Apr-83,01-Apr-20,31-Mar-25,EASTERN AREA OF SGR ROTATION BASIS,,Parimpora,Panthachowk,Dalgate,,2006-2007,1983-1984,DIESEL,,
12900.0,SRINAGAR RTO,JK01J8421,06-May-06,MPV,Commercial,Bus,Stage Carriage Permit,MINI BUSES FOR RURAL ROUTES,04-Feb-92,03-Feb-23,02-Feb-28,WESTERN AREA OF SRINAGAR CITY,,Parimpora ,Humhama,Jehangir Chowk,Ordinary Service,2006-2007,1991-1992,DIESEL,,
12913.0,SRINAGAR RTO,JK01K0487,11-Jul-06,LPV,Commercial,Bus,Stage Carriage Permit,MINI BUSES FOR URBAN ROUTES,01-Apr-01,01-Apr-25,31-Mar-30,WESTERN AREA OF SRINAGAR CITY,,Soura,Jehangir Chowk,SMHS,,2006-2007,2001-2002,DIESEL,,
12915.0,SRINAGAR RTO,JK01K0887,20-Jul-06,LPV,Commercial,Bus,Stage Carriage Permit,MEDIUM BUSES,01-Jan-93,10-Jan-23,09-Jan-28,EASTERN AREA OF SGR ROTATION BASIS,,Hazratbal,LD,Rainawara,Ordinary Service,2006-2007,1992-1993,DIESEL,,
12917.0,SRINAGAR RTO,JK01K1258,27-Jul-06,MPV,Commercial,Omni Bus,Stage Carriage Permit,MEDIUM BUSES,31-Mar-91,31-Mar-23,30-Mar-28,EASTERN AREA OF SGR ROTATION BASIS,,Hazratbal,LD,Rainawara,,2006-2007,1990-1991,DIESEL,,
12919.0,SRINAGAR RTO,JK01K1929,19-Aug-06,LPV,Commercial,Bus,Stage Carriage Permit,MINI BUSES FOR URBAN ROUTES,26-Aug-97,26-Aug-23,25-Aug-28,WESTERN AREA OF SRINAGAR CITY,,Parimpora ,Humhama,Jehangir Chowk,Express Service,2006-2007,1997-1998,DIESEL,,
12920.0,SRINAGAR RTO,JK01K1932,19-Aug-06,LPV,Commercial,Bus,Stage Carriage Permit,MINI BUSES FOR RURAL ROUTES,12-Jun-01,31-Mar-24,30-Mar-29,EASTERN AREA OF SGR ROTATION BASIS,,Parimpora,Panthachowk,Dalgate,,2006-2007,2001-2002,DIESEL,,
12922.0,SRINAGAR RTO,JK01K2414,09-Sep-06,LPV,Commercial,Bus,Stage Carriage Permit,MINI BUSES FOR RURAL ROUTES,15-May-97,09-May-25,08-May-30,WESTERN AREA OF SRINAGAR CITY,,Soura,Jehangir Chowk,SMHS,,2006-2007,1997-1998,DIESEL,,
12937.0,SRINAGAR RTO,JK01K5087,10-Feb-07,MPV,Commercial,Bus,Stage Carriage Permit,MEDIUM BUSES,01-Feb-92,01-Feb-23,31-Jan-28,EASTERN AREA OF SGR ROTATION BASIS,,Rangpora,Soura,Lalchowk,Ordinary Service,2006-2007,1991-1992,DIESEL,,
12939.0,SRINAGAR RTO,JK01K5377,28-Feb-07,MPV,Commercial,Bus,Stage Carriage Permit,MEDIUM BUSES,19-Feb-97,19-Feb-24,18-Feb-29,EASTERN AREA OF SGR ROTATION BASIS,,Parimpora,Panthachowk,Dalgate,,2006-2007,1996-1997,DIESEL,,
12940.0,SRINAGAR RTO,JK01K5534,05-Mar-07,MPV,Commercial,Bus,Stage Carriage Permit,MEDIUM BUSES,19-Feb-97,19-Feb-23,18-Feb-28,EASTERN AREA OF SGR ROTATION BASIS,,Rangpora,Soura,Lalchowk,Ordinary Service,2006-2007,1996-1997,DIESEL,,
12953.0,SRINAGAR RTO,JK01K6247,21-Apr-07,MPV,Commercial,Bus,Stage Carriage Permit,MEDIUM BUSES,20-Jan-04,10-May-23,09-May-28,EASTERN AREA OF SGR ROTATION BASIS,,Hazratbal,LD,Rainawara,,2007-2008,2003-2004,DIESEL,,
12960.0,SRINAGAR RTO,JK01K7141,22-May-07,MPV,Commercial,Bus,Stage Carriage Permit,MINI BUSES FOR RURAL ROUTES,02-Feb-18,02-Feb-23,01-Feb-28,WITHIN SRINAGAR CITY,,Rangpora,Soura,Dalgate,Rural Service,2007-2008,2017-2018,DIESEL,,
12961.0,SRINAGAR RTO,JK01K7289,25-May-07,LPV,Commercial,Bus,Stage Carriage Permit,MEDIUM BUSES,13-Oct-97,13-Oct-23,12-Oct-28,WESTERN AREA OF SRINAGAR CITY,,Jehangir Chowk,HMT,Parimpora,,2007-2008,1997-1998,DIESEL,,
12963.0,SRINAGAR RTO,JK01K7977,14-Jun-07,MPV,Commercial,Bus,Stage Carriage Permit,MEDIUM BUSES,05-Oct-95,05-Oct-24,04-Oct-29,EASTERN AREA OF SGR ROTATION BASIS,,Parimpora,Pampore,Dalgate,,2007-2008,1995-1996,DIESEL,,
12964.0,SRINAGAR RTO,JK01K8314,22-Jun-07,MPV,Commercial,Bus,Stage Carriage Permit,MEDIUM BUSES,05-Sep-97,05-Sep-22,04-Sep-27,WESTERN AREA OF SRINAGAR CITY,,LD,Budgam,"RAMBAGH, EXCROSSING, BUND , SRTC, NEW BRIDGE, KHAYA, RAJOURI KADAL",Ordinary Service,2007-2008,1997-1998,DIESEL,,
12969.0,SRINAGAR RTO,JK01K8494,27-Jun-07,MPV,Commercial,Bus,Stage Carriage Permit,MEDIUM BUSES,09-Jul-87,09-Jul-23,08-Jul-28,WESTERN AREA OF SRINAGAR CITY,,LD,Budgam,"RAMBAGH, EXCROSSING, BUND , SRTC, NEW BRIDGE, KHAYA, RAJOURI KADAL",Ordinary Service,2007-2008,1987-1988,DIESEL,,
12971.0,SRINAGAR RTO,JK01K8509,27-Jun-07,LPV,Commercial,Bus,Stage Carriage Permit,MEDIUM BUSES,22-May-85,22-May-20,21-May-25,EASTERN AREA OF SGR ROTATION BASIS,,Parimpora,Panthachowk,Dalgate,Ordinary Service,2007-2008,1985-1986,DIESEL,,
12972.0,SRINAGAR RTO,JK01K8677,02-Jul-07,MPV,Commercial,Bus,Stage Carriage Permit,MEDIUM BUSES,26-Mar-97,26-Mar-24,25-Mar-29,EASTERN AREA OF SGR ROTATION BASIS,,Rangpora,Dalgate,Lalchowk,,2007-2008,1996-1997,DIESEL,,
12975.0,SRINAGAR RTO,JK01K8729,09-Jul-07,MPV,Commercial,Bus,Stage Carriage Permit,MEDIUM BUSES,21-Nov-97,21-Nov-22,20-Nov-27,EASTERN AREA OF SGR ROTATION BASIS,,Parimpora,Panthachowk,Dalgate,,2007-2008,1997-1998,DIESEL,,
12984.0,SRINAGAR RTO,JK01L0738,30-Aug-07,MPV,Commercial,Bus,Stage Carriage Permit,MEDIUM BUSES,13-May-90,13-May-22,12-May-27,EASTERN AREA OF SGR ROTATION BASIS,,Batamallo,Panthachowk,Tengpora,Ordinary Service,2007-2008,1990-1991,DIESEL,,
12996.0,SRINAGAR RTO,JK01L4231,12-Jan-08,MPV,Commercial,Bus,Stage Carriage Permit,MEDIUM BUSES,19-Mar-97,19-Mar-21,18-Mar-26,WESTERN AREA OF SRINAGAR CITY,,Soura,Parimpora,Sakidafar,Ordinary Service,2007-2008,1996-1997,DIESEL,,
13003.0,SRINAGAR RTO,JK01L5080,23-Feb-08,MPV,Commercial,Bus,Stage Carriage Permit,MINI BUSES FOR RURAL ROUTES,24-Mar-08,23-Mar-22,22-Mar-25,WESTERN AREA OF SRINAGAR CITY,,Parimpora,Panthachowk,Dalgate,Ordinary Service,2007-2008,2007-2008,DIESEL,,
13012.0,SRINAGAR RTO,JK01L6238,07-Apr-08,LPV,Commercial,Bus,Stage Carriage Permit,MINI BUSES FOR RURAL ROUTES,30-Apr-08,30-Apr-23,29-Apr-28,EASTERN AREA OF SGR ROTATION BASIS,,Batamallo,Panthachowk,Tengpora,Ordinary Service,2008-2009,2008-2009,DIESEL,,
13025.0,SRINAGAR RTO,JK01L8016,07-Jun-08,MPV,Commercial,Bus,Stage Carriage Permit,MEDIUM BUSES,23-May-89,23-May-23,22-May-28,WESTERN AREA OF SRINAGAR CITY,,Jehangir Chowk,Bemina,Batamallo,Ordinary Service,2008-2009,1989-1990,DIESEL,,
13027.0,SRINAGAR RTO,JK01L8711,09-Jul-08,LPV,Commercial,Bus,Stage Carriage Permit,MINI BUSES FOR URBAN ROUTES,30-May-97,30-May-25,29-May-30,EASTERN AREA OF SGR ROTATION BASIS,,Batamallo,Panthachowk,Tengpora,Ordinary Service,2008-2009,1997-1998,DIESEL,,
13028.0,SRINAGAR RTO,JK01L9235,16-Jul-08,MPV,Commercial,Bus,Stage Carriage Permit,MEDIUM BUSES,09-Apr-92,09-Apr-23,08-Apr-28,EASTERN AREA OF SGR ROTATION BASIS,,"Hazratbal, Lalbazar",Parimpora,Rajiakadal,Ordinary Service,2008-2009,1992-1993,DIESEL,,
13029.0,SRINAGAR RTO,JK01L9414,23-Jul-08,LPV,Commercial,Bus,Stage Carriage Permit,MINI BUSES FOR RURAL ROUTES,03-Feb-09,03-Feb-20,02-Feb-25,WITHIN SRINAGAR CITY,,Rangpora,Lalchowk,Dalgate,Rural Service,2008-2009,2008-2009,DIESEL,,
13030.0,SRINAGAR RTO,JK01L9551,24-Jul-08,MPV,Commercial,Bus,Stage Carriage Permit,MINI BUSES FOR RURAL ROUTES,02-Feb-12,03-Feb-24,02-Feb-29,WITHIN SRINAGAR CITY,,Rangpora,Lalchowk,Dalgate,,2008-2009,2011-2012,DIESEL,,
13045.0,SRINAGAR RTO,JK01M5973,21-Apr-09,MPV,Commercial,Bus,Stage Carriage Permit,MEDIUM BUSES,17-Jul-93,17-Jul-24,16-Jul-29,WESTERN AREA OF SRINAGAR CITY,,Parimpora ,Budgam,"Batamallo,Tengpora",,2009-2010,1993-1994,DIESEL,,
13046.0,SRINAGAR RTO,JK01M7264,29-May-09,MPV,Commercial,Bus,Stage Carriage Permit,MEDIUM BUSES,27-Sep-90,27-Sep-24,26-Sep-29,EASTERN AREA OF SGR ROTATION BASIS,,Parimpora,Pampore ,Dalgate,,2009-2010,1990-1991,DIESEL,,
13047.0,SRINAGAR RTO,JK01M7265,29-May-09,MPV,Commercial,Bus,Stage Carriage Permit,MEDIUM BUSES,02-Jan-97,14-Jan-23,13-Jan-28,EASTERN AREA OF SGR ROTATION BASIS,,LD,Pampore,Dalgate,Ordinary Service,2009-2010,1996-1997,DIESEL,,
13066.0,SRINAGAR RTO,JK01N7330,27-Mar-10,LPV,Commercial,Bus,Stage Carriage Permit,MINI BUSES FOR RURAL ROUTES,04-Feb-08,04-Feb-24,03-Feb-29,EASTERN AREA OF SGR ROTATION BASIS,,Rangpora,Lalchowk,Dalgate,,2009-2010,2007-2008,DIESEL,,
13083.0,SRINAGAR RTO,JK01P3138,15-Oct-10,MPV,Commercial,Bus,Stage Carriage Permit,MEDIUM BUSES,24-Dec-91,24-Dec-22,23-Dec-27,EASTERN AREA OF SGR ROTATION BASIS,,Hazratbal,LD,Rainawara,Ordinary Service,2010-2011,1991-1992,DIESEL,,
13086.0,SRINAGAR RTO,JK01P4491,11-Nov-10,MPV,Commercial,Bus,Stage Carriage Permit,MEDIUM BUSES,26-Mar-97,26-Mar-23,25-Mar-28,EASTERN AREA OF SGR ROTATION BASIS,,Hazratbal,LD,Rainawara,Ordinary Service,2010-2011,1996-1997,DIESEL,,
13092.0,SRINAGAR RTO,JK01Q1984,10-May-11,MPV,Commercial,Bus,Stage Carriage Permit,MEDIUM BUSES,05-Jul-01,05-Jul-23,04-Jul-28,WESTERN AREA OF SRINAGAR CITY,,Soura,Jehangir Chowk,Zonimar,,2011-2012,2001-2002,DIESEL,,
13106.0,SRINAGAR RTO,JK01R9707,11-May-12,MPV,Commercial,Bus,Stage Carriage Permit,MEDIUM BUSES,22-Feb-92,22-Feb-23,21-Feb-28,EASTERN AREA OF SGR ROTATION BASIS,,LD,Pampore,Dalgate,Ordinary Service,2012-2013,1991-1992,DIESEL,,
13108.0,SRINAGAR RTO,JK01S2289,03-Jul-12,MPV,Commercial,Bus,Stage Carriage Permit,MEDIUM BUSES,30-Sep-97,30-Sep-23,29-Sep-28,WESTERN AREA OF SRINAGAR CITY,,Soura,Jehangir Chowk,Zonimar,,2012-2013,1997-1998,DIESEL,,
13124.0,SRINAGAR RTO,JK01T6663,26-Apr-13,MPV,Commercial,Bus,Stage Carriage Permit,MEDIUM BUSES,28-May-85,28-May-22,27-May-25,EASTERN AREA OF SGR ROTATION BASIS,,Soura,LD,Buchpora,Ordinary Service,2013-2014,1985-1986,DIESEL,,
13140.0,SRINAGAR RTO,JK01V3912,07-Mar-14,MPV,Commercial,Bus,Stage Carriage Permit,MEDIUM BUSES,09-Jan-99,09-Jan-23,08-Jan-28,EASTERN AREA OF SGR ROTATION BASIS,,Soura,Hazratbal,Buchpora,Ordinary Service,2013-2014,1998-1999,DIESEL,,
13150.0,SRINAGAR RTO,JK01W1099,16-Jul-14,LPV,Commercial,Bus,Stage Carriage Permit,MEDIUM BUSES,18-Oct-89,15-May-23,14-May-28,EASTERN AREA OF SGR ROTATION BASIS,,Baghat Shora,Lalchowk,Nowhata,Ordinary Service,2014-2015,1987-1988,DIESEL,,
13154.0,SRINAGAR RTO,JK01W3433,08-Aug-14,LPV,Commercial,Bus,Stage Carriage Permit,MEDIUM BUSES,20-Aug-97,20-Aug-22,19-Aug-27,WESTERN AREA OF SRINAGAR CITY,,Parimpora ,Budgam,Jehangir Chowk,Ordinary Service,2014-2015,1997-1998,DIESEL,,
13168.0,SRINAGAR RTO,JK01W6410,11-Nov-14,LPV,Commercial,Bus,Stage Carriage Permit,MEDIUM BUSES,10-May-89,10-May-25,09-May-30,EASTERN AREA OF SGR ROTATION BASIS,,Baghat Shora,Lalchowk,Nowhata,,2014-2015,1989-1990,DIESEL,,
13169.0,SRINAGAR RTO,JK01W6711,15-Nov-14,MPV,Commercial,Bus,Stage Carriage Permit,MEDIUM BUSES,02-May-17,02-May-24,01-May-29,WESTERN AREA OF SRINAGAR CITY,,"Hazratbal, Lalbazar",Parimpora,Rajiakadal,,2014-2015,2017-2018,DIESEL,,
13172.0,SRINAGAR RTO,JK01W7761,06-Dec-14,MPV,Commercial,Omni Bus,Stage Carriage Permit,MEDIUM BUSES,04-Feb-17,05-Feb-22,04-Feb-27,WESTERN AREA OF SRINAGAR CITY,,Lawaypora,Jehangir Chowk,Qamarwari,,2014-2015,2016-2017,DIESEL,,
13196.0,SRINAGAR RTO,JK01X7450,08-Jun-15,HPV,Commercial,Bus,Stage Carriage Permit,BIG BUSES(HTV),16-Jun-15,15-Jun-20,14-Jun-25,OUTSKIRTS OF SRINAGAR CITY,,TRC ,HAZRATBAL," VIA SHALIMAR,NISHAT,NEHRU PARK,DALGATE",,2015-2016,2015-2016,DIESEL,,
13560.0,SRINAGAR RTO,JK03A1933,19-Jul-05,LPV,Commercial,Bus,Stage Carriage Permit,MINI BUSES FOR URBAN ROUTES,04-Feb-92,13-Mar-20,12-Mar-25,EASTERN AREA OF SGR ROTATION BASIS,,Soura,Hazratbal,Buchpora,Ordinary Service,2005-2006,1991-1992,DIESEL,,
13593.0,SRINAGAR RTO,JK057604,14-May-03,MPV,Commercial,Bus,Stage Carriage Permit,MEDIUM BUSES,09-May-85,09-May-23,08-May-28,EASTERN AREA OF SGR ROTATION BASIS,,Soura,LD,Lalchowk,Ordinary Service,2003-2004,1985-1986,DIESEL,,
13594.0,SRINAGAR RTO,JK061476,15-Apr-06,LPV,Commercial,Bus,Stage Carriage Permit,MEDIUM BUSES,04-Nov-97,19-Jul-25,18-Jul-30,EASTERN AREA OF SGR ROTATION BASIS,,Jehangir Chowk,JVC,Bemina,,2006-2007,1997-1998,DIESEL,,
,SRINAGAR RTO,,,EBus,,,,,,,,,,PARIMPORA,HARWAN,,,,,,,E-1
,SRINAGAR RTO,,,EBus,,,,,,,,,,PARIMPORA,HARWAN,,,,,,,E-2
,SRINAGAR RTO,,,EBus,,,,,,,,,,PARIMPORA,HARWAN,,,,,,,E-3
,SRINAGAR RTO,,,EBus,,,,,,,,,,PARIMPORA,HARWAN,,,,,,,E-4
,SRINAGAR RTO,,,EBus,,,,,,,,,,PARIMPORA,HARWAN,,,,,,,E-5
,SRINAGAR RTO,,,EBus,,,,,,,,,,PARIMPORA,HARWAN,,,,,,,E-6
,SRINAGAR RTO,,,EBus,,,,,,,,,,PARIMPORA,HARWAN,,,,,,,E-7
,SRINAGAR RTO,,,EBus,,,,,,,,,,BATAMALLO,HAZRATBAL,,,,,,,E-1
,SRINAGAR RTO,,,EBus,,,,,,,,,,BATAMALLO,HAZRATBAL,,,,,,,E-2
,SRINAGAR RTO,,,EBus,,,,,,,,,,BATAMALLO,HAZRATBAL,,,,,,,E-3
,SRINAGAR RTO,,,EBus,,,,,,,,,,BATAMALLO,HAZRATBAL,,,,,,,E-4
,SRINAGAR RTO,,,EBus,,,,,,,,,,BATAMALLO,HAZRATBAL,,,,,,,E-5
,SRINAGAR RTO,,,EBus,,,,,,,,,,BATAMALLO,HAZRATBAL,,,,,,,E-6
,SRINAGAR RTO,,,EBus,,,,,,,,,,LD,PANDACH,,,,,,,E-1
,SRINAGAR RTO,,,EBus,,,,,,,,,,LD,PANDACH,,,,,,,E-2
,SRINAGAR RTO,,,EBus,,,,,,,,,,LD,PANDACH,,,,,,,E-3
,SRINAGAR RTO,,,EBus,,,,,,,,,,LD,PANDACH,,,,,,,E-4
,SRINAGAR RTO,,,EBus,,,,,,,,,,LD,PANDACH,,,,,,,E-5
,SRINAGAR RTO,,,EBus,,,,,,,,,,PANTHACHOWK,NARBAL,QAMARWARI,,,,,,E-1
,SRINAGAR RTO,,,EBus,,,,,,,,,,PANTHACHOWK,NARBAL,QAMARWARI,,,,,,E-2
,SRINAGAR RTO,,,EBus,,,,,,,,,,PARIMPORA,HAZRATBAL,SAKIDAFAR,,,,,,E-1
,SRINAGAR RTO,,,EBus,,,,,,,,,,PARIMPORA,HAZRATBAL,SAKIDAFAR,,,,,,E-2
,SRINAGAR RTO,,,EBus,,,,,,,,,,PARIMPORA,HAZRATBAL,SAKIDAFAR,,,,,,E-3
,SRINAGAR RTO,,,EBus,,,,,,,,,,PARIMPORA,HAZRATBAL,SAKIDAFAR,,,,,,E-4
,SRINAGAR RTO,,,EBus,,,,,,,,,,PARIMPORA,HAZRATBAL,SAKIDAFAR,,,,,,E-5
,SRINAGAR RTO,,,EBus,,,,,,,,,,TRC,TRC,NAWABAZAR,,,,,,E-1
,SRINAGAR RTO,,,EBus,,,,,,,,,,BATAMALLO,RANGRETH,IQBAL PARK,,,,,,E-1
,SRINAGAR RTO,,,EBus,,,,,,,,,,BATAMALLO,RANGRETH,IQBAL PARK,,,,,,E-2
,SRINAGAR RTO,,,EBus,,,,,,,,,,BATAMALLO,RANGRETH,IQBAL PARK,,,,,,E-3
,SRINAGAR RTO,,,EBus,,,,,,,,,,BATAMALLO,RANGRETH,IQBAL PARK,,,,,,E-4
,SRINAGAR RTO,,,EBus,,,,,,,,,,TRC,BATPORA,NIGEEN,,,,,,E-1
,SRINAGAR RTO,,,EBus,,,,,,,,,,TRC,BATPORA,NIGEEN,,,,,,E-2
,MPS BUSES,,,MPS Bus,,,,,,,,,,Srinagar,Shanglipora,,,,,,,
,MPS BUSES,,,MPS Bus,,,,,,,,,,Srinagar,Isganderpora,,,,,,,
,MPS BUSES,,,MPS Bus,,,,,,,,,,Srinagar,Aboora,,,,,,,
,MPS BUSES,,,MPS Bus,,,,,,,,,,Srinagar,Arizal,,,,,,,
,MPS BUSES,,,MPS Bus,,,,,,,,,,Srinagar,Baderkote,,,,,,,
,MPS BUSES,,,MPS Bus,,,,,,,,,,Srinagar,Loolpora,,,,,,,
,MPS BUSES,,,MPS Bus,,,,,,,,,,Srinagar,Beeru,,,,,,,
,MPS BUSES,,,MPS Bus,,,,,,,,,,Srinagar,Dardpora,,,,,,,
,MPS BUSES,,,MPS Bus,,,,,,,,,,Srinagar,Gaguldara,,,,,,,
,MPS BUSES,,,MPS Bus,,,,,,,,,,Srinagar,Ratnipora,,,,,,,
,MPS BUSES,,,MPS Bus,,,,,,,,,,Srinagar,Ratsun,,,,,,,
,MPS BUSES,,,MPS Bus,,,,,,,,,,Srinagar,Khag,,,,,,,
,MPS BUSES,,,MPS Bus,,,,,,,,,,Srinagar,Karhama,,,,,,,
,MPS BUSES,,,MPS Bus,,,,,,,,,,Srinagar,Chewdara,,,,,,,
,MPS BUSES,,,MPS Bus,,,,,,,,,,Srinagar,Badrun,,,,,,,
,MPS BUSES,,,MPS Bus,,,,,,,,,,Srinagar,Tangmarg,,,,,,,
,MPS BUSES,,,MPS Bus,,,,,,,,,,Srinagar,Khoor,,,,,,,
,MPS BUSES,,,MPS Bus,,,,,,,,,,Srinagar,Handwara,,,,,,,
,MPS BUSES,,,MPS Bus,,,,,,,,,,Srinagar,Sheikhpora Kakuthal,,,,,,,
,MPS BUSES,,,MPS Bus,,,,,,,,,,Srinagar,Trehgam Kup,,,,,,,
,MPS BUSES,,,MPS Bus,,,,,,,,,,Srinagar,Chowkibal,,,,,,,
,MPS BUSES,,,MPS Bus,,,,,,,,,,Srinagar,Milyaal,,,,,,,
,MPS BUSES,,,MPS Bus,,,,,,,,,,Srinagar,Zurhama,,,,,,,
,MPS BUSES,,,MPS Bus,,,,,,,,,,Srinagar,Tarthpora,,,,,,,
,MPS BUSES,,,MPS Bus,,,,,,,,,,Srinagar,Gazriyal,,,,,,,
,MPS BUSES,,,MPS Bus,,,,,,,,,,Srinagar,Hajin,,,,,,,
,MPS BUSES,,,MPS Bus,,,,,,,,,,Srinagar,Safapora Sumbal,,,,,,,
,MPS BUSES,,,MPS Bus,,,,,,,,,,Srinagar,Safapora Gbl,,,,,,,
,MPS BUSES,,,MPS Bus,,,,,,,,,,Srinagar,Narwara Budgam,,,,,,,
,MPS BUSES,,,MPS Bus,,,,,,,,,,Srinagar,Charishreef,,,,,,,
,MPS BUSES,,,MPS Bus,,,,,,,,,,Srinagar,Pakherpora,,,,,,,
,MPS BUSES,,,MPS Bus,,,,,,,,,,Srinagar,Tral Dadsur,,,,,,,
,MPS BUSES,,,MPS Bus,,,,,,,,,,Srinagar,Pasthoon,,,,,,,
,MPS BUSES,,,MPS Bus,,,,,,,,,,Srinagar,Naristan,,,,,,,
,MPS BUSES,,,MPS Bus,,,,,,,,,,Srinagar,Pinglish,,,,,,,
,MPS BUSES,,,MPS Bus,,,,,,,,,,Srinagar,Tral Nowdal,,,,,,,
,MPS BUSES,,,MPS Bus,,,,,,,,,,Srinagar,Qazigund,,,,,,,
,MPS BUSES,,,MPS Bus,,,,,,,,,,Srinagar,Mirpora Budgam,,,,,,,
,MPS BUSES,,,MPS Bus,,,,,,,,,,Srinagar,Vijipopra,,,,,,,
,MPS BUSES,,,MPS Bus,,,,,,,,,,Srinagar,Kupwara Day,,,,,,,
,MPS BUSES,,,MPS Bus,,,,,,,,,,Srinagar,Uri Baramulla service oprated recently,,,,,,,
,MPS BUSES,,,MPS Bus,,,,,,,,,,Srinagar,Tangdar,,,,,,,
,MPS BUSES,,,MPS Bus,,,,,,,,,,Srinagar,Zachaldar,,,,,,,
,B/O Bandipora,,,Regular Bus,,,,,,,,,,Bpr,Srinagar,,,,,,,
,B/O Bandipora,,,Regular Bus,,,,,,,,,,Bpr,Srinagar,,,,,,,
,B/O Bandipora,,,Regular Bus,,,,,,,,,,Bpr,Srinagar,,,,,,,
,B/O Bandipora,,,Regular Bus,,,,,,,,,,Srinagar,Bandipora-Soura,,,,,,,
,B/O Bandipora,,,Regular Bus,,,,,,,,,,Srinagar,BanKoot-Sgr,BPR,,,,,,
,B/O Bandipora,,,Regular Bus,,,,,,,,,,Srinagar,Arin- Srinagar,,,,,,,
,B/O Bandipora,,,Regular Bus,,,,,,,,,,Malangam,Srinagar,,,,,,,
,B/O Bandipora,,,Regular Bus,,,,,,,,,,BPR,Baramulla,,,,,,,
,Sopore Depot,,,Regular Bus,,,,,,,,,,Srinagar,Sopore-Srinagar,,,,,,,
,Sopore Depot,,,Regular Bus,,,,,,,,,,Srinagar,Sopore-Srinagar,,,,,,,
,Sopore Depot,,,Regular Bus,,,,,,,,,,Srinagar,Zaloora-Sgr,,,,,,,
,Sopore Depot,,,Regular Bus,,,,,,,,,,Srinagar,Botingue- Sgr,,,,,,,
,Baramulla Depot,,,Regular Bus,,,,,,,,,,Srinagar,Baramulla-Srinagar,,,,,,,
,Baramulla Depot,,,Regular Bus,,,,,,,,,,Srinagar,Uri- Srinagar,,,,,,,
,Baramulla Depot,,,Regular Bus,,,,,,,,,,KamalKote,Baramulla,,,,,,,
,Baramulla Depot,,,Regular Bus,,,,,,,,,,Garkote,Baramulla,,,,,,,
,Baramulla Depot,,,Regular Bus,,,,,,,,,,Nambia,Baramulla,,,,,,,
,Baramulla Depot,,,Regular Bus,,,,,,,,,,Fathgath,Sgr,,,,,,,
,Baramulla Depot,,,Regular Bus,,,,,,,,,,Pehilpora,Uri,BLA,,,,,,
,Baramulla Depot,,,Regular Bus,,,,,,,,,,Srinagar,Kachoo- Baramulla,,,,,,,
,Baramulla Depot,,,Regular Bus,,,,,,,,,,Maidanan,Srinagar,,,,,,,
,Baramulla Depot,,,Regular Bus,,,,,,,,,,Ijara,Srinagar,,,,,,,
,Baramulla Depot,,,Regular Bus,,,,,,,,,,Baramula,Kupwra,,,,,,,
,Kupwara Depot,,,Regular Bus,,,,,,,,,,Srinagar,Kupwara- Srinagar,,,,,,,
,Kupwara Depot,,,Regular Bus,,,,,,,,,,Srinagar,Sogam- Srinagar,,,,,,,
,Kupwara Depot,,,Regular Bus,,,,,,,,,,Srinagar,Kupwara-tarthpora- Sgr,,,,,,,
,Kupwara Depot,,,Regular Bus,,,,,,,,,,Srinagar,Kupwara-Srinagar,,,,,,,
,Kupwara Depot,,,Regular Bus,,,,,,,,,,Srinagar,Kapwara-Tekipora-,,,,,,,
,B/O Shopian,,,Regular Bus,,,,,,,,,,Shopian,Srinagar,,,,,,,
,B/O Shopian,,,Regular Bus,,,,,,,,,,Sedow,Srinagar,,,,,,,
,B/O Shopian,,,Regular Bus,,,,,,,,,,Harman,Srinagar,,,,,,,
,B/O Shopian,,,Regular Bus,,,,,,,,,,Kaprin,Srinagar,,,,,,,
,B/O Shopian,,,Regular Bus,,,,,,,,,,Nehama,Srinagar,,,,,,,
,B/O Kulgam,,,Regular Bus,,,,,,,,,,Khull Ahmadabad,Sgr,,,,,,,
,B/O Kulgam,,,Regular Bus,,,,,,,,,,D.H.Pora,Srinagar,,,,,,,
,B/O Kulgam,,,Regular Bus,,,,,,,,,,Pariwan,Srinagar,,,,,,,
,B/O Kulgam,,,Regular Bus,,,,,,,,,,Srinagar,Kulgam- Srinagar,,,,,,,
,B/O Kulgam,,,Regular Bus,,,,,,,,,,Srinagar,Katrosoo-Srinagar,,,,,,,
,B/O Kulgam,,,Regular Bus,,,,,,,,,,Srinagar,Yaripora-Srinagar,,,,,,,
,B/O Pulwama,,,Regular Bus,,,,,,,,,,Pulwama,Srinagar,,,,,,,
,B/O Pulwama,,,Regular Bus,,,,,,,,,,Srinagar,Pulwama- Srinagar,,,,,,,
,B/O Pulwama,,,Regular Bus,,,,,,,,,,Koil,Srinagar,,,,,,,
,B/O Pulwama,,,Regular Bus,,,,,,,,,,Srinagar,Wasoora- Srinagar,,,,,,,
,B/O Pulwama,,,Regular Bus,,,,,,,,,,Srinagar,Lettar-Achan-Sgr,,,,,,,
,B/O Pulwama,,,Regular Bus,,,,,,,,,,Srinagar,Letter-Srinagar,,,,,,,
,B/O Pulwama,,,Regular Bus,,,,,,,,,,Srinagar,Heff- Srinagar,,,,,,,
,B/O Pulwama,,,Regular Bus,,,,,,,,,,Srinagar,Keller-Shopian-Sgr,,,,,,,
,B/O Pulwama,,,Regular Bus,,,,,,,,,,Srinagar,Keller- Srinagar,,,,,,,
,B/O Pulwama,,,Regular Bus,,,,,,,,,,Srinagar,Keller- Srinagar,,,,,,,
,B/O Pulwama,,,Regular Bus,,,,,,,,,,Srinagar,Achguze- Srinagar,,,,,,,
,B/O Pulwama,,,Regular Bus,,,,,,,,,,Srinagar,Sangerwani- Srinagar,,,,,,,
,B/O Pulwama,,,Regular Bus,,,,,,,,,,Srinagar,Pakherpora- Srinagar,,,,,,,
,Anantnagh Depot,,,Regular Bus,,,,,,,,,,Anantnagh,Srinagar,,,,,,,
,Anantnagh Depot,,,Regular Bus,,,,,,,,,,Anantnagh,Srinagar,,,,,,,
,Anantnagh Depot,,,Regular Bus,,,,,,,,,,Anantnagh,Srinagar,,,,,,,
,Anantnagh Depot,,,Regular Bus,,,,,,,,,,Anantnagh,Srinagar,,,,,,,
,Anantnagh Depot,,,Regular Bus,,,,,,,,,,Anantnagh,Srinagar,,,,,,,
,Anantnagh Depot,,,Regular Bus,,,,,,,,,,Anantnagh,Srinagar,,,,,,,
,Anantnagh Depot,,,Regular Bus,,,,,,,,,,Anantnagh,Srinagar,,,,,,,
,Anantnagh Depot,,,Regular Bus,,,,,,,,,,Anantnagh,Srinagar,,,,,,,
,Anantnagh Depot,,,Regular Bus,,,,,,,,,,Anantnagh,Srinagar,,,,,,,
,Anantnagh Depot,,,Regular Bus,,,,,,,,,,Anantnagh,Srinagar,,,,,,,
,Anantnagh Depot,,,Regular Bus,,,,,,,,,,Srinagar,Phalgam- Anantnagh,,,,,,,
,Anantnagh Depot,,,Regular Bus,,,,,,,,,,Srinagar,Mawan- Srinagar,,,,,,,
,Anantnagh Depot,,,Regular Bus,,,,,,,,,,Srinagar,Devsur-Srinagar,,,,,,,
,Anantnagh Depot,,,Regular Bus,,,,,,,,,,Srinagar,Lammer- Anantnagh,,,,,,,
,Anantnagh Depot,,,Regular Bus,,,,,,,,,,Srinagar,Kaprun- Srinagar,,,,,,,
,Anantnagh Depot,,,Regular Bus,,,,,,,,,,Srinagar,Chowgund- Srinagar,,,,,,,
,Anantnagh Depot,,,Regular Bus,,,,,,,,,,Srinagar,Shangus- Srinagar,,,,,,,
,Anantnagh Depot,,,Regular Bus,,,,,,,,,,Srinagar,Uttersoo- Srinagar,,,,,,,
,Anantnagh Depot,,,Regular Bus,,,,,,,,,,Vailo,Srinagar,,,,,,,
,Anantnagh Depot,,,Regular Bus,,,,,,,,,,Srinagar,Chakil pora- Sgr,,,,,,,
,Anantnagh Depot,,,Regular Bus,,,,,,,,,,Haftnar,Anantnagh,,,,,,,
,Anantnagh Depot,,,Regular Bus,,,,,,,,,,Srinagar,Kherum- Anantnagh,,,,,,,
,Anantnagh Depot,,,Regular Bus,,,,,,,,,,Srinagar,Matigawran- Ang,,,,,,,
,Anantnagh Depot,,,Regular Bus,,,,,,,,,,Anantnagh,Shopian,,,,,,,
,Traffic Manager (City) JKRTC Srinagar,,,City Bus,,,,,,,,,,Srinagar,New Khanda,,,,,,,
,Traffic Manager (City) JKRTC Srinagar,,,City Bus,,,,,,,,,,Srinagar,By pass,,,,,,,
,Traffic Manager (City) JKRTC Srinagar,,,City Bus,,,,,,,,,,Srinagar,Khrew,,,,,,,
,Traffic Manager (City) JKRTC Srinagar,,,City Bus,,,,,,,,,,Srinagar,Khrew,,,,,,,
,Traffic Manager (City) JKRTC Srinagar,,,City Bus,,,,,,,,,,Srinagar,Railway,,,,,,,
,Traffic Manager (City) JKRTC Srinagar,,,City Bus,,,,,,,,,,Srinagar,Bypass,,,,,,,
,Traffic Manager (City) JKRTC Srinagar,,,City Bus,,,,,,,,,,Srinagar,GulaBagh,,,,,,,
,Traffic Manager (City) JKRTC Srinagar,,,City Bus,,,,,,,,,,Srinagar,Bypass,,,,,,,
,Traffic Manager (City) JKRTC Srinagar,,,City Bus,,,,,,,,,,Srinagar,Ratnipura,,,,,,,
,Traffic Manager (City) JKRTC Srinagar,,,City Bus,,,,,,,,,,Srinagar,Bypass,,,,,,,
,Traffic Manager (City) JKRTC Srinagar,,,City Bus,,,,,,,,,,Srinagar,Buchpora,,,,,,,
,Traffic Manager (City) JKRTC Srinagar,,,City Bus,,,,,,,,,,Srinagar,Pampore,,,,,,,
,Traffic Manager (City) JKRTC Srinagar,,,City Bus,,,,,,,,,,Srinagar,Budgam,,,,,,,
,Traffic Manager (City) JKRTC Srinagar,,,City Bus,,,,,,,,,,Srinagar,Pampore,,,,,,,
,Traffic Manager (City) JKRTC Srinagar,,,City Bus,,,,,,,,,,Srinagar,Gund,,,,,,,
,Traffic Manager (City) JKRTC Srinagar,,,City Bus,,,,,,,,,,Srinagar,Chadoora,,,,,,,
,Traffic Manager (City) JKRTC Srinagar,,,City Bus,,,,,,,,,,Srinagar,Railway,,,,,,,
,Traffic Manager (City) JKRTC Srinagar,,,City Bus,,,,,,,,,,Srinagar,pampore,,,,,,,
,Traffic Manager (City) JKRTC Srinagar,,,City Bus,,,,,,,,,,Srinagar,Bugam,,,,,,,
,Traffic Manager (City) JKRTC Srinagar,,,City Bus,,,,,,,,,,Srinagar,Chadoora,,,,,,,
,Traffic Manager (City) JKRTC Srinagar,,,City Bus,,,,,,,,,,Srinagar,Pampore,,,,,,,
,Traffic Manager (City) JKRTC Srinagar,,,City Bus,,,,,,,,,,Srinagar,Bypass,,,,,,,
,Traffic Manager (City) JKRTC Srinagar,,,City Bus,,,,,,,,,,Srinagar,Rasoo,,,,,,,
,Traffic Manager (City) JKRTC Srinagar,,,City Bus,,,,,,,,,,Srinagar,Pampore,,,,,,,
,Traffic Manager (City) JKRTC Srinagar,,,City Bus,,,,,,,,,,Srinagar,Harwan,,,,,,,
,Traffic Manager (City) JKRTC Srinagar,,,City Bus,,,,,,,,,,Srinagar,HARWAN,,,,,,,
,Traffic Manager (City) JKRTC Srinagar,,,City Bus,,,,,,,,,,Srinagar,pampore,,,,,,,
,Traffic Manager (City) JKRTC Srinagar,,,City Bus,,,,,,,,,,Srinagar,New Khanda,,,,,,,
,Traffic Manager (City) JKRTC Srinagar,,,City Bus,,,,,,,,,,Srinagar,Khrew,,,,,,,
,Traffic Manager (City) JKRTC Srinagar,,,City Bus,,,,,,,,,,Srinagar,Pampore,,,,,,,
,Traffic Manager (City) JKRTC Srinagar,,,City Bus,,,,,,,,,,Srinagar,pampore,,,,,,,
,Traffic Manager (City) JKRTC Srinagar,,,City Bus,,,,,,,,,,Srinagar,GulaBagh,,,,,,,
,Traffic Manager (City) JKRTC Srinagar,,,City Bus,,,,,,,,,,Srinagar,Bypass,,,,,,,
,Traffic Manager (City) JKRTC Srinagar,,,City Bus,,,,,,,,,,Srinagar,Ratnipura,,,,,,,
,Traffic Manager (City) JKRTC Srinagar,,,City Bus,,,,,,,,,,Srinagar,pampore,,,,,,,
,Traffic Manager (City) JKRTC Srinagar,,,City Bus,,,,,,,,,,Srinagar,Ganderbal,,,,,,,
,Traffic Manager (City) JKRTC Srinagar,,,City Bus,,,,,,,,,,Srinagar,Pampore,,,,,,,
,Traffic Manager (City) JKRTC Srinagar,,,City Bus,,,,,,,,,,Srinagar,Budgam,,,,,,,
,Traffic Manager (City) JKRTC Srinagar,,,City Bus,,,,,,,,,,Srinagar,Bypass,,,,,,,
,Traffic Manager (City) JKRTC Srinagar,,,City Bus,,,,,,,,,,Srinagar,Gund,,,,,,,
,Traffic Manager (City) JKRTC Srinagar,,,City Bus,,,,,,,,,,Srinagar,Railway,,,,,,,
,Traffic Manager (City) JKRTC Srinagar,,,City Bus,,,,,,,,,,Srinagar,Pampore,,,,,,,
,Traffic Manager (City) JKRTC Srinagar,,,City Bus,,,,,,,,,,Srinagar,Chadoora,,,,,,,
,Traffic Manager (City) JKRTC Srinagar,,,City Bus,,,,,,,,,,Srinagar,Bugam,,,,,,,
,Traffic Manager (City) JKRTC Srinagar,,,City Bus,,,,,,,,,,Srinagar,Pampore,,,,,,,
,Traffic Manager (City) JKRTC Srinagar,,,City Bus,,,,,,,,,,Srinagar,Pampore,,,,,,,
,Traffic Manager (City) JKRTC Srinagar,,,City Bus,,,,,,,,,,Srinagar,Pampore,,,,,,,
,Traffic Manager (City) JKRTC Srinagar,,,City Bus,,,,,,,,,,Srinagar,Rasoo,,,,,,,
,Traffic Manager (City) JKRTC Srinagar,,,City Bus,,,,,,,,,,Srinagar,Harwan,,,,,,,
,MTS JKRTC Srinagar,,,MTS Bus,,,,,,,,,,Srinagar,Jammu,,,,,,,
,MTS JKRTC Srinagar,,,MTS Bus,,,,,,,,,,Srinagar,Delhi,,,,,,,
,MTS JKRTC Srinagar,,,MTS Bus,,,,,,,,,,Srinagar,Poonch,,,,,,,
,MTS JKRTC Srinagar,,,MTS Bus,,,,,,,,,,Srinagar,Babanagri Rajouri,,,,,,,
,MTS JKRTC Srinagar,,,MTS Bus,,,,,,,,,,Srinagar,Kishtiwar,,,,,,,
,MTS JKRTC Srinagar,,,MTS Bus,,,,,,,,,,Srinagar,Leh,,,,,,,
,MTS JKRTC Srinagar,,,MTS Bus,,,,,,,,,,Srinagar,Amritsar,,,,,,,
,MTS JKRTC Srinagar,,,MTS Bus,,,,,,,,,,TRC,Airport,,,,,,,
