"Route_Code","Route_Name","Verdict","Category","Eng_Type","Eng_KM","Real_KM_mid","KM_Delta","Real_RoadKM_raw","Eng_O","Eng_D","Finding","Sources","osrm_km","osrm_min","repro_eng","osrm_matches_real","root","osrm_km","osrm_min","repro_eng","osrm_matches_real","root"
"ANSP01010106","Anantnagh to Shopian","REVIEW","OVER_OSRM","Regional_District","43.843","37.0","18","34-40","33.74535,75.186081","33.719229,74.833266","Real driving distance is ~34 km direct (distancebetween2) up to ~40 km via Zainapora; engine 43.8 km is ~18% high. Recommend trimming Route_KM toward ~37-40 km.","distancebetween2.com, distancesfrom.com, jksrtc.co.in","43.8","37.7","True","True","STALE_RERUN_FIXES","43.8","37.7","True","True","STALE_RERUN_FIXES"
"SRGB02020503","Batamaloo to Manigam","REVIEW","OVER_OSRM","Regional_District","54.466","35.5","53","31-40","34.068715,74.779627","34.231314,74.953744","Direct Srinagar/Batamaloo to Manigam is only ~31-40 km (Manigam ~31 km from Srinagar centre via Ganderbal), yet engine models 54.5 km with no ""via"" leg in the name. Either add the via-Hazratbal alignment to the name or cut Route_KM to ~35-40 km.","distancesfrom.com (Ganderbal-Manigam 10 km), distancebetween2.com (Srinagar-Ganderbal 21 km), onefivenine.com","54.5","54.8","True","False","COORD_OR_DETOUR","54.5","54.8","True","False","COORD_OR_DETOUR"
"SPSR01020139","Harman to Srinagar","REVIEW","OTHER_MINOR","Regional_District","48.805","54.0","-10","48-60","33.717153,74.831268","34.07457,74.820502","Harman = Herman"," a real Shopian tehsil ~8.7km SW of Shopian town. Engine pinned it to Shopian town coords (~50km) rather than Herman proper (~59-60km from Srinagar). Distance to the placed point is fine; the endpoint is the district-town approximation. Re-pin to actual Herman if precise terminal needed.","48.8","40.3","True","True","STALE_RERUN_FIXES","48.8","40.3","True","True","STALE_RERUN_FIXES"
"SRBG02022003","Jehangir Chowk to Budgam","REVIEW","OVER_OSRM","Regional_District","45.581","11.5","296","10-13","34.071881,74.804719","34.006185,74.641626","Straight-line is only 16.7km but engine road=45.6km (circuity 2.73x); real Srinagar/Jehangir Chowk to Budgam is ~10-13km by road. Engine over-modeled the corridor ~4x - likely a routing detour artifact. Fix Route_KM to ~11-13km; cycle/fleet should drop accordingly.","yatra.com budgam-to-srinagar (9km), mapsofindia.com budgam-to-srinagar, haversine 16.7km","23.2","28.0","False","False","OTHER","23.2","28.0","False","False","OTHER"
"KGSR03020239A","Khull Ahmadabad to Srinagar","REVIEW","OTHER_MINOR","Regional_District","66.828","69.5","-4","67-72","33.645205,75.018914","34.07457,74.820502","Khull is a real Kulgam Nayabat (pin 192233); engine pinned ""Khull Ahmadabad"" to Kulgam town coords (the A/B suffix pairs it with the Kulgam route on the same point). Distance fine vs Kulgam-Srinagar ~69km; endpoint is a known district-centre approximation, not the actual Khull/Ahmadabad locality. Re-pin if precise terminal required.","indiatvnews.com pincode/kulgam/khull, mindat.org Khul Kulgam, kulgam.nic.in (Khull Nayabat)","66.8","51.1","True","True","STALE_RERUN_FIXES","66.8","51.1","True","True","STALE_RERUN_FIXES"
"KWSR03020339","Kupwara to Srinagar","REVIEW","OVER_OSRM","Regional_District","102.958","88.0","17","86-90","34.603824,74.23032","34.07457,74.820502","Real Kupwara-Srinagar driving distance is ~86.7km (tourtravelworld/distancebetween2); engine 103km is +19% over. Likely routes via a longer Handwara/Sopore detour rather than the direct line. Corridor and service real (SRTC runs it). Recommend trimming Route_KM toward ~88-90km; fleet of 9 then eases.","tourtravelworld.com srinagar-to-kupwara, distancebetween2.com/srinagar/kupwara, kupwara.nic.in, jksrtc.co.in","103.0","100.0","True","True","STALE_RERUN_FIXES","103.0","100.0","True","True","STALE_RERUN_FIXES"
"SRBP02012703","Pantha Chowk to Safapora","REVIEW","OVER_OSRM","Regional_District","60.631","38.0","60","36-40","34.044708,74.833526","34.376895,74.718101","Safapora is officially 30 km from Srinagar (via Sumbal or Ganderbal); adding ~7-8 km for the Pantha Chowk origin gives ~38 km real, yet engine models 60.6 km (+59%). Inflated/indirect routing - recommend re-check the OSRM path, should be ~38-40 km.","en.wikipedia.org/wiki/Safapora, distancebetween2.com, ganderbal.nic.in","60.6","68.1","True","False","COORD_OR_DETOUR","60.6","68.1","True","False","COORD_OR_DETOUR"
"SPSR01020539","Sedow to Srinagar","REVIEW","OVER_OSRM","Regional_District","57.772","46.0","26","46","33.664237,74.784877","34.07457,74.820502","Sedow is officially 46 km from Srinagar (shopian.nic.in / icbse); engine models 57.8 km (+26%). Endpoint correct but distance over-modelled - recommend re-check OSRM path, target ~46-50 km.","shopian.nic.in, geolysis.com, icbse.com","57.8","49.1","True","False","COORD_OR_DETOUR","57.8","49.1","True","False","COORD_OR_DETOUR"
"SRBR02073901","Srinagar to Aboora","REVIEW","OTHER_MINOR","Regional_District","32.753","33.5","-2","30-37","34.07457,74.820502","34.056918,74.536834","Could not verify a village named 'Aboora'; coords place it in the Beerwah area of Budgam where towns are 27-35 km from Srinagar, so 32.8 km is in band. Recommend confirming exact stop name/spelling against the permit register.","en.wikipedia.org/wiki/Beerwah,_Jammu_and_Kashmir, mapsofindia.com, onefivenine.com","32.8","31.7","True","True","STALE_RERUN_FIXES","32.8","31.7","True","True","STALE_RERUN_FIXES"
"SRBR02073902","Srinagar to Baderkote","REVIEW","OTHER_MINOR","Regional_District","42.864","40.0","7","35-45","34.07457,74.820502","34.041835,74.459012","Could not verify a village named 'Baderkote'; coords place it west of Beerwah in Budgam where towns are ~27-45 km from Srinagar, so 42.9 km is in band. Tourist flag set. Recommend confirming exact stop name/spelling against the permit register.","en.wikipedia.org/wiki/Beerwah,_Jammu_and_Kashmir, mapsofindia.com, budgam.nic.in","42.9","42.2","True","True","STALE_RERUN_FIXES","42.9","42.2","True","True","STALE_RERUN_FIXES"
"SRBG02023902","Srinagar to Badrun","REVIEW","OVER_OSRM","Regional_District","33.307","25.0","33","24-26","34.07457,74.820502","34.034217,74.545671","Badran/Budran is a village in Beerwah/Magam tehsil ~25 km from Srinagar; engine 33.3 km is ~33% high (likely a via-routing/coord overshoot west). Corridor real and served. Suggest trimming Route_KM toward ~25 km.","onefivenine.com (Budran/Khag); en.wikipedia.org/wiki/Badran,_Kashmir; en.wikipedia.org/wiki/Beerwah","33.3","34.6","True","False","COORD_OR_DETOUR","33.3","34.6","True","False","COORD_OR_DETOUR"
"SRBG02013902","Srinagar to Beeru","REVIEW","UNDER_OTHER","Regional_District","15.277","25.0","-39","~25","34.07457,74.820502","34.014196,74.718705","Raiyar (Beeru) in Khan-Sahib block is ~25 km from Srinagar by road; engine coord (34.014,74.719) sits only 11.5 km straight-line, pinned too close to Srinagar (real Beeru ~33.96N,74.65E). Engine 15.3 km under-models by ~39%. Re-pin endpoint and re-route.","onefivenine.com/Raiyar-Beeru/Khan-sahib; villageinfo.in raiyar-beruwa; budgam.nic.in Doodhpathri","15.3","12.5","True","False","COORD_OR_DETOUR","15.3","12.5","True","False","COORD_OR_DETOUR"
"SRBG02023904","Srinagar to Chewdara","REVIEW","OVER_OSRM","Regional_District","28.163","23.0","22","~23","34.07457,74.820502","34.026765,74.605522","Chewdara (Beerwah block) is ~23 km from Srinagar (3 km from Beerwah). Engine 28.2 km is ~22% high. Real corridor and service exist; trim Route_KM toward ~23 km.","onefivenine.com Chewdara-A/Beerwah; en.wikipedia.org/wiki/Chewdara; indiainfo.net pincode 193411","28.2","35.5","True","False","COORD_OR_DETOUR","28.2","35.5","True","False","COORD_OR_DETOUR"
"SRKW02013901","Srinagar to Chowkibal","REVIEW","UNDER_MOUNTAIN","Regional_District","94.972","125.5","-24","125-126","34.07457,74.820502","34.52207,74.185035","Chowkibal (Kupwara, on the Tangdhar/Sadhna Pass approach) real road ~125 km; engine 94.97 km under-models by ~25% - routing engine under-counts the Srinagar-Kupwara-Chowkibal hill road. Corridor real, near LoC. Lengthen Route_KM/cycle.","distancesfrom.com srinagar-to-Chowkibal-Kupwara (125 km); alldistancebetween.com srinagar-chowkibal-kupwara","95.0","80.8","True","False","COORD_OR_DETOUR","95.0","80.8","True","False","COORD_OR_DETOUR"
"SRKW02033901","Srinagar to Dardpora","REVIEW","OTHER_MINOR","Regional_District","106.39","102.0","4","98-106","34.07457,74.820502","34.509274,74.083674","Two Dardporas in Kupwara; engine coord (far-west 74.08E) is the Kralpora/LoC-side village, plausibly ~98-106 km road. Engine 106 km OK against that. BORDER/permit belt, single-lane, winter-prone - feasibility caveat (seasonality unmodelled).","onefivenine.com Dardpora/Sogam & Dardpora-A/Kralpora; kupwara.nic.in Lolab; yatra.com srinagar-kupwara","106.4","94.0","True","True","STALE_RERUN_FIXES","106.4","94.0","True","True","STALE_RERUN_FIXES"
"SRBG02023905","Srinagar to Isganderpora","REVIEW","OVER_OSRM","Regional_District","33.616","26.5","27","~25-28","34.07457,74.820502","34.025543,74.567653","Iskanderpora (Beerwah block, pincode 193411 with Beerwah/Chewdara/Kandoora) sits in the ~25-28 km belt; engine 33.6 km is ~27% high (via-routing overshoot). Real corridor; trim Route_KM.","indiainfo.net pincode 193411 (Kandoora cluster); onefivenine.com Beerwah villages; en.wikipedia.org/wiki/Beerwah","33.6","36.8","True","False","COORD_OR_DETOUR","33.6","36.8","True","False","COORD_OR_DETOUR"
"SRKW02033902","Srinagar to Khoor","REVIEW","OTHER_MINOR","Regional_District","111.183","107.5","3","100-115","34.07457,74.820502","34.592901,74.136245","Corridor and coords real (Khoor is a hamlet in the Trehgam/Lolab belt of NW Kupwara) and KM is sound. But a flat 50-min headway / 9 buses massively over-provisions a remote border-belt route that realistically runs only 1-2 services/day; size by demand (load 0.159). Note winter/seasonal access not modelled.","jksrtc.co.in/pdf/timekashmirr.pdf, kashmirreader.com (JKRTC Qadir Abad-Srinagar), distancesfrom.com","111.2","108.2","True","True","STALE_RERUN_FIXES","111.2","108.2","True","True","STALE_RERUN_FIXES"
"SRBG02043902","Srinagar to Loolpora","REVIEW","OVER_OSRM","Regional_District","38.921","32.5","20","30-35","34.07457,74.820502","33.856538,74.689486","Real Budgam village/corridor; coords correct district. Engine 38.9 km runs ~17% over a likely ~30-35 km road distance (no exact public figure for Loolpora, benchmarked to Beerwah ~27-35 km). Verify routing not detouring.","en.wikipedia.org/wiki/Beerwah, budgam.nic.in, villageinfo.in","38.9","44.9","True","True","STALE_RERUN_FIXES","38.9","44.9","True","True","STALE_RERUN_FIXES"
"SRBG02023907","Srinagar to Mirpora Budgam","REVIEW","OVER_OSRM","Regional_District","31.366","24.0","31","22-26","34.07457,74.820502","34.041268,74.620454","Mirpora is a real Budgam hamlet; coords in correct district. Engine 31.4 km is ~31% over a likely 22-26 km road distance (no exact published figure; benchmarked vs Budgam ~11-14 km and Chadoora ~20 km). KM looks over-modelled.","budgam.nic.in, villagegram.in (Chadoora villages), en.wikipedia.org/wiki/Chadoora","31.4","43.1","True","False","COORD_OR_DETOUR","31.4","43.1","True","False","COORD_OR_DETOUR"
"SRBG02023909","Srinagar to Narwara Budgam","REVIEW","OVER_OSRM","Regional_District","28.415","24.0","18","22-26","34.07457,74.820502","34.037344,74.624257","Narwara is a real Budgam hamlet (adjacent to Mirpora); coords correct district. Engine 28.4 km ~18% over an estimated 22-26 km road distance (no exact public figure). Mild over-model; otherwise sound.","budgam.nic.in, villagegram.in, en.wikipedia.org/wiki/Chadoora","28.4","36.1","True","True","STALE_RERUN_FIXES","28.4","36.1","True","True","STALE_RERUN_FIXES"
"SRPW02043902","Srinagar to Pasthoon","REVIEW","OVER_OSRM","Regional_District","50.003","41.5","20","38-45","34.07457,74.820502","33.992068,75.075237","Pasthoon is a Tral-tehsil (Pulwama) village; coords correct district. Engine 50.0 km runs ~20% over a likely 38-45 km road via Awantipora (Tral itself is 40 km from Srinagar). KM over-modelled; verify routing.","pulwama.gov.in, en.wikipedia.org/wiki/Tral, yatra.com","50.0","50.2","True","False","COORD_OR_DETOUR","50.0","50.2","True","False","COORD_OR_DETOUR"
"SRPW02033906","Srinagar to Ratnipora","REVIEW","UNDER_OTHER","Regional_District","25.567","32.5","-21","35-40 via Awantipora; ~25 direct","34.07457,74.820502","33.919274,74.94361","Ratnipora is real (~5-6 km from Awantipora). Published distances route via Awantipora (~35-40 km); engine 25.6 km appears to take a more direct line and may UNDER-model the served corridor by ~29%. Confirm the route actually serves Awantipora/NH.","distancesfrom.com (Pulwama-Awantipora), distancebetween2.com (Srinagar-Awantipora), pulwama.gov.in","25.6","24.3","True","False","COORD_OR_DETOUR","25.6","24.3","True","False","COORD_OR_DETOUR"
"SRBG02023910","Srinagar to Ratsun","REVIEW","OVER_OSRM","Regional_District","28.474","22.0","29","20-24","34.07457,74.820502","34.058866,74.594398","Ratsun is a real west-Budgam hamlet; coords correct district. Engine 28.5 km ~25% over an estimated 20-24 km road distance (no exact public figure). Mild over-model.","budgam.nic.in, villagegram.in (Chadoora), en.wikipedia.org/wiki/Chadoora","28.5","27.4","True","False","COORD_OR_DETOUR","28.5","27.4","True","False","COORD_OR_DETOUR"
"SRBG02023911","Srinagar to Shanglipora","REVIEW","OVER_OSRM","Regional_District","42.037","35.0","20","30-40","34.07457,74.820502","33.971646,74.530845","Shanglipora is a village near Beerwah/Khansahib (W Budgam); Beerwah is 27-35 km by road, Shanglipora a few km further (~33-38 km). Modelled 42 km is ~20% high, likely a via-routing detour. Corridor real, headway sane. Fix: verify routing does not loop.","wikipedia.org/wiki/Beerwah; citymeter.net; onefivenine.com","42.0","48.8","True","False","COORD_OR_DETOUR","42.0","48.8","True","False","COORD_OR_DETOUR"
"SRKW02033906","Srinagar to Tangdar","REVIEW","UNDER_MOUNTAIN","Regional_District","120.829","151.0","-20","~150-152","34.07457,74.820502","34.643054,74.149996","Endpoint misplaced ~27 km short of actual Tangdhar (real town 34.40,73.86 across Sadhna Pass). Real road ~150-152 km vs modelled 121 km; engine under-models the 3000m Sadhna Pass switchbacks. 50-min headway is unrealistic for a border road truly served ~1-2 buses/day. Seasonality unmodelled (pass closes in winter).","wanderon.in/blogs/teetwal-valley; mapsofindia.com/villages...karnah/tangdhar; kupwara.nic.in/tourist-place/sadhna","120.8","122.7","True","True","STALE_RERUN_FIXES","120.8","122.7","True","True","STALE_RERUN_FIXES"
"SRKW02013903","Srinagar to Trehgam KUP","REVIEW","OTHER_MINOR","Regional_District","96.17","108.0","-11","~108","34.07457,74.820502","34.517519,74.174306","Trehgam ~21 km beyond Kupwara; Srinagar-Kupwara ~86-87 km + 21 km = ~108 km vs modelled 96 km (~11% under). Corridor real, coords good. 50-min headway optimistic for a far rural town. Fix: bump road km / lengthen headway.","distancesfrom.com kupwara-to-Trehgam; yatra.com srinagar-to-kupwara; distancebetween2.com","96.2","82.0","True","True","STALE_RERUN_FIXES","96.2","82.0","True","True","STALE_RERUN_FIXES"
"SRBR02023902","Srinagar to URI Baramulla","REVIEW","UNDER_MOUNTAIN","Regional_District","77.618","101.0","-23","100-102","34.07457,74.820502","34.145081,74.183855","Uri via Baramulla on NH1 is ~100-102 km by road (distancesfrom 102 km) vs modelled 77.6 km - ~24% under. Engine likely under-routed the Baramulla-Uri mountain leg. Coords good. Corridor real, well-served to Baramulla, thinner Baramulla-Uri (border/army area). Fix: correct road km to ~100 km, refleet/headway.","en.wikipedia.org/wiki/Srinagar-Baramulla_highway; distancesfrom.com srinagar-to-Uri (102 km); nativeplanet.com","77.6","59.0","True","False","COORD_OR_DETOUR","77.6","59.0","True","False","COORD_OR_DETOUR"
"BRSR05020139","Zaloora to Srinagar","REVIEW","OVER_OSRM","Regional_District","63.129","52.0","21","~49-55","34.380329,74.374921","34.07457,74.820502","Zaloora is a village in the Zaingair belt of Sopore division. Srinagar-Sopore ~49 km by road; Zaloora a few km off (~50-55 km). Modelled 63.1 km is ~21% high - likely a via-routing detour. Corridor real and well-served. Fix: verify routing does not loop via Baramulla.","en.wikipedia.org/wiki/Sopore; distancebetween2.com sopore/srinagar (49 km); distancesfrom.com","63.1","50.5","True","False","COORD_OR_DETOUR","63.1","50.5","True","False","COORD_OR_DETOUR"
"SRSR02020427","Batamallo to Pantha Chowk","REVIEW","OVER_OSRM","Peri_Urban","17.436","12.0","45","11-15 (range; airport-Pantha Chowk approx 15km; Srinagar Railway Station to Pantha Chowk 9-11km; Batamaloo adds a few km via city)","34.069343,74.791812","34.028571,74.905785","Corridor and endpoints are real (Batamaloo bus stand and Pantha Chowk are both well-documented hubs) but no source gives a direct Batamaloo-Pantha Chowk road figure; using Srinagar-RS/Airport proxies, real road distance is estimated 11-15km vs the engine's 17.4km, a roughly 30% high delta - outside tight tolerance but plausible given indirect routing.","distancesfrom.com,alldistancebetween.com,yatra.com","13.4","13.6","False","True","STALE_RERUN_FIXES","13.4","13.6","False","True","STALE_RERUN_FIXES"
"SRGB02010501","Batamaloo to Beehama Ganderbal via Hazratbal Zakura","REVIEW","UNDER_OTHER","Peri_Urban","26.584","52.5","-49","20-35 (sources vary; documented SSCL alignment via Soura/90ft Road/Beehama traditionally cited around 35km; direct new-bridge route is shorter at approx 15-20km)","34.068715,74.779627","34.238742,74.801989","Real, well-documented SSCL trunk route (Route 6, Batamaloo-Ganderbal via Soura-Beehama) confirmed by two independent press sources; however the engine's 26.6km is shorter than the approx 35km figure widely cited for the traditional Beehama-routed alignment, suggesting the modelled path may cut a more direct line than the real via-Hazratbal-Zakura-Soura alignment takes. Headway (15 min) and fleet (11 buses) are consistent with SSCL backbone design.","kashmirobserver.net,kashmirlife.net,ganderbal.nic.in","26.6","31.8","True","False","COORD_OR_DETOUR","26.6","31.8","True","False","COORD_OR_DETOUR"
"SRBG02020503","Batamaloo to Budgam Railway Station via Khumeni Chowk","REVIEW","OVER_OSRM","Peri_Urban","15.685","12.0","31","9-15 (yatra.com area distances approx 9km; other aggregator sources approx 15km for the fuller via-Khumeni-Chowk alignment)","34.068715,74.779627","33.990555,74.712541","Real, well-established corridor (Srinagar-Budgam highway via Khumeni Chowk) confirmed by an SSCL route-chart reference and multiple distance sources; engine's 15.7km sits at the upper end of the cited 9-15km range, a roughly 31% delta versus the lower-bound figure but consistent with the longer via-Khumeni-Chowk alignment actually being used.","yatra.com,distancesfrom.com,kashmirlife.net","15.7","20.6","True","False","COORD_OR_DETOUR","15.7","20.6","True","False","COORD_OR_DETOUR"
"SRBG02060502","Batamaloo to Dc Office Budgam","REVIEW","OVER_OSRM","Peri_Urban","15.685","12.0","31","9-15 (same destination area as Budgam Railway Station/town centre; DC Office Budgam sits in the same town)","34.068715,74.779627","33.990555,74.712541","This row has identical origin/destination coordinates and identical KM/Cycle/Fleet to SRBG02020503 (Batamaloo to Budgam Railway Station) - flagged as a likely duplicate/near-duplicate corridor in the dataset. Both places are real and the distance band (9-15km vs engine 15.7km) is the same as its twin; the duplication itself should be reviewed in the engine's route-consolidation logic.","onefivenine.com,budgam.nic.in","15.7","20.6","True","False","COORD_OR_DETOUR","15.7","20.6","True","False","COORD_OR_DETOUR"
"SRPW02030501","Batamaloo to Drussu Pulwama via Marwal","REVIEW","OTHER_MINOR","Peri_Urban","32.735","29.0","13","26-32 (Srinagar-Pulwama road distance cited 26-32km across sources; Drussu and Marwal are real villages slightly beyond Pulwama town, adding a few km)","34.068715,74.779627","33.883537,74.926117","Could not independently confirm the specific named 'Drussu via Marwal' service in public sources, though the general Srinagar-Pulwama corridor (26-32km) is well documented and the modelled 32.7km sits consistently just beyond it (approx 5% above the upper bound), consistent with continuing past Pulwama town to Drussu village. Treat as plausible but unverified at the exact village-name level.","yatra.com,distancebetween2.com,distancefromto.net","32.7","33.5","True","True","STALE_RERUN_FIXES","32.7","33.5","True","True","STALE_RERUN_FIXES"
"SRSR02021523","GBS to LAL Chowk","FAIL","GEOCODE_FAIL","Peri_Urban","20.326","2.6","682","0.3-2 (haversine between the two given coordinates is only 0.32km; if GBS denotes the General Bus Stand Batamaloo, the real road distance Batamaloo-Lal Chowk is commonly cited around 3-5km)","34.068428,74.810015","34.071262,74.810527","Critical data error: the origin (GBS) and destination (Lal Chowk) coordinates are essentially the same point in central Srinagar (0.32km apart by haversine), yet the route is modelled with 20.3km length and a 101.6-minute round-trip cycle (4 buses, 35-min headway). This is geometrically impossible for two points 300m apart and indicates a coordinate or geocoding error - likely GBS was geocoded to a point immediately adjacent to Lal Chowk rather than to the actual General Bus Stand Batamaloo (approx 5km away). The underlying GBS-Lal Chowk corridor concept is plausible only if GBS is correctly resolved to a distinct, distant terminus. Recommend re-geocoding before this route is used in the plan.","onefivenine.com,kashmirlife.net,manual haversine calculation","0.6","1.1","False","False","OTHER","0.6","1.1","False","False","OTHER"
"SRSR01020409","Hazratbal to Bone Joint Hospital Barzalla","REVIEW","OVER_OSRM","Peri_Urban","15.276","10.0","53","8-12 (Hazratbal is cited approx 8-10km from Srinagar city centre/Railway Station; Barzulla/Bone and Joint Hospital is closer to the centre; no single direct point-to-point source found)","34.127549,74.835646","34.057988,74.789692","Both endpoints are real and well-known (Hazratbal shrine, Bone and Joint Hospital Barzulla) and a hospital-access shuttle on this general corridor is plausible (a documented JKRTC route passes near Barzulla), but no direct point-to-point distance source was found; using Hazratbal's general 8-10km distance from the city centre as a proxy against the engine's 15.3km implies a notable but plausible circuity/detour factor. Recommend a direct Google Maps check before sign-off.","srinagar.nic.in,mappls.com,distancesfrom.com","15.3","15.5","True","False","COORD_OR_DETOUR","15.3","15.5","True","False","COORD_OR_DETOUR"
"SRSR02022028","Jehangir Chowk to Panzinara","REVIEW","OVER_OSRM","Peri_Urban","16.494","10.0","65","13-17 (sources disagree on whether Panzinara is the in-city Srinagar locality near Qamarwari/Parimpora, approx 3-5km away, or a similarly-named feature further out; haversine to the modelled coordinate is 13.0km)","34.071881,74.804719","34.150911,74.700235","There is a real in-city Panzinara locality in Srinagar (near Qamarwari/Parimpora, documented by onefivenine.com and jkpanchayat.jk.gov.in) only a few km from Jehangir Chowk, but the engine's destination coordinate sits roughly 13-16km further out, closer to the Budgam district boundary. This is either a legitimate but different, further-out Panzinara, or a geocoding mismatch between two same-named places; resolving which Panzinara was intended is needed before the 16.5km/82.5min figures can be confirmed.","onefivenine.com,jkpanchayat.jk.gov.in,mapsofindia.com","15.7","13.9","True","False","COORD_OR_DETOUR","15.7","13.9","True","False","COORD_OR_DETOUR"
"SRPW02022104","Jkpdc Jehangir Chowk to Wadwan","REVIEW","OTHER_MINOR","Peri_Urban","15.202","14.0","9","12-16 (a documented Wadwan village in Narbal block, Budgam district, is cited at approx 12km from Srinagar; however the engine's destination coordinate sits further southeast, closer to the Pampore/Pulwama belt, which may be a different, same-named feature)","34.077213,74.80362","34.020325,74.929229","JKPDC Jehangir Chowk is a confirmed, named real bus stop, but there is ambiguity over which 'Wadwan' is intended: a documented Wadwan village in Narbal block, Budgam district sits approx 12km from Srinagar, while the engine's destination coordinate points roughly 13-15km southeast toward the Pampore/Pulwama belt instead. The route distance (15.2km) is plausible for a corridor in that general direction but cannot be confirmed as the documented Narbal-Wadwan without resolving the name/coordinate ambiguity.","tellmyroute.com,onefivenine.com,distancebetween2.com","15.2","14.6","True","True","STALE_RERUN_FIXES","15.2","14.6","True","True","STALE_RERUN_FIXES"
"PWSR03020239","Koil to Srinagar","REVIEW","OVER_OSRM","Peri_Urban","32.725","17.5","87","26-28 (Koil village, Pulwama block, is documented at 28km from Srinagar per onefivenine.com village records, 7km east of Pulwama town near Pinglena/Malangpora)","33.875484,74.949409","34.07457,74.820502","Real, well-documented village (Koil, approx 28km from Srinagar per village records) with the model's 32.7km running about 17% above the cited figure - just outside a tight PASS band but a minor, plausible delta likely reflecting actual road routing versus the village record's more direct figure. Headway/fleet (35 min/6 buses) reasonable for a rural lifeline.","onefivenine.com,jkpanchayat.jk.gov.in,soki.in","32.7","35.7","True","False","COORD_OR_DETOUR","32.7","35.7","True","False","COORD_OR_DETOUR"
"SRBG02022203","LD to Budgam","REVIEW","OVER_OSRM","Peri_Urban","21.784","14.0","56","14","34.081954,74.805892","34.006185,74.641626","Multiple independent sources (Yatra, ClearCarRental, MapsOfIndia) converge on Srinagar-Budgam direct road distance of 9-14km, well under the engine's 21.8km; even allowing for LD not being the literal city centre, the modelled distance looks ~50-60% too long for a direct LD-Budgam corridor unless routed via a long detour.","yatra.com, clearcarrental.com, mapsofindia.com","21.8","27.7","True","False","COORD_OR_DETOUR","21.8","27.7","True","False","COORD_OR_DETOUR"
"SRSR02022529","Ma Road to Parimpora","REVIEW","OVER_OSRM","Peri_Urban","18.669","13.0","44","12-14","34.040034,74.877958","34.111187,74.747451","Corridor and coordinates are sound (both real, well-documented Srinagar landmarks), but no source gave an exact MA Road-to-Parimpora figure; engine's 18.7km is plausible for a winding intra-city route through Srinagar's congested core, but the modelled cycle time runs noticeably slower than expected for an 18-19km city route.","geoiq.io, mappls.com, kashmirlife.net","19.2","14.7","True","False","COORD_OR_DETOUR","19.2","14.7","True","False","COORD_OR_DETOUR"
"BGSR02020820","Narbal to Jehangir Chowk","REVIEW","OVER_OSRM","Peri_Urban","21.634","17.0","27","16-18","34.090399,74.658247","34.071881,74.804719","Corridor strongly verified as real and currently operated (existing Bus Route 10 Narbal Crossing-Pantha Chowk documented on tellmyroute with 21 stops); sources put Narbal at roughly 16-18km from Srinagar via the Gulmarg road, somewhat under the engine's 21.6km, and the modelled one-way time of ~54 min looks too slow for this stretch.","tellmyroute.com, distancesfrom.com, prokerala.com","19.9","22.6","True","True","STALE_RERUN_FIXES","19.9","22.6","True","True","STALE_RERUN_FIXES"
"SRGB02032704","Pantha Chowk to Sumbal","REVIEW","OVER_OSRM","Peri_Urban","35.736","29.0","23","27-31","34.044708,74.833526","34.264255,74.65946","Corridor and endpoints check out (Sumbal documented at roughly 19-31km from Srinagar depending on the reference point and route taken), and the 35.7km vs ~27-31km figure is within the wider tolerance for this route length, but the modelled one-way time of ~89 minutes is markedly slower than the ~40-50 min expected for this distance even with multiple stops - flagged as the largest time outlier in this batch.","distancebetween2.com, distancesfrom.com, rome2rio.com","35.7","31.5","True","False","COORD_OR_DETOUR","35.7","31.5","True","False","COORD_OR_DETOUR"
"SRBG02022903","Parimpora to Budgam","REVIEW","OVER_OSRM","Peri_Urban","31.385","17.0","85","13-21","34.111187,74.747451","34.006185,74.641626","Multiple sources converge on a 9-21km Srinagar/Parimpora-Budgam road distance (yatra.com 9-10km; citymeter.net/distancesfrom.com 13-21km), but the engine models this leg at 31.4km, well above that band; this looks like the engine routing a longer detour than the real shortest road path between these two points, the largest distance discrepancy found in this batch and worth an engineering check even though both endpoints individually are correctly placed.","yatra.com, citymeter.net, distancesfrom.com, mapsofindia.com","22.7","27.3","False","False","OTHER","22.7","27.3","False","False","OTHER"
"SRBG02032901","Parimpora to Chadora","REVIEW","OVER_OSRM","Peri_Urban","25.752","18.0","43","14-22","34.111187,74.747451","33.943466,74.79875","Corridor independently corroborated (sources confirm shared sumo/bus services run from Chadoora/Charar-e-Sharief to Srinagar's Parimpora, Batamaloo or Lal Chowk stands), and Srinagar-Chadoora is documented at 14km by some sources though up to 22km by others including the connector road; engine's 25.75km runs on the high side of this range (roughly 17-84% over depending on the reference figure used) - flagged for a routing recheck similar to the Budgam-bound routes above, though less severe.","alldistancebetween.com, distancesfrom.com, etourismkashmir.com","25.9","19.8","True","False","COORD_OR_DETOUR","25.9","19.8","True","False","COORD_OR_DETOUR"
"SRSR02012904","Parimpora to Hazratbal","REVIEW","OVER_OSRM","Peri_Urban","16.104","10.5","53","9-12","34.111187,74.747451","34.127549,74.835646","Corridor is real and even independently corroborated as an existing SSCL route ('Route 9 from Parimpora to Hazratbal' in a published 16-route list), but this specific engine row is marked CMP_Trunk=False despite SSCL apparently operating exactly this corridor, and the modelled 16.1km/80.5min cycle is on the high side versus the ~9-12km/15-18min one-way that direct-route sources suggest, even allowing for the lakeside detour.","kashmirlife.net, wikipedia.org","14.3","14.8","False","False","OTHER","14.3","14.8","False","False","OTHER"
"SRSR02022917","Parimpora to Humhama","REVIEW","OVER_OSRM","Peri_Urban","16.99","10.5","62","8-13","34.111187,74.747451","34.020926,74.770771","Corridor and endpoints are real (Humhama is the well-documented Srinagar airport locality, roughly 8-13km from Parimpora/central Srinagar per available sources), and the engine's 17.0km/42min one-way is plausible road-routing but runs on the high side of multiple distance and time estimates (roughly 31-112% over depending on the reference point); flagged as a moderate over-estimate rather than a corridor problem.","savaari.com, distancesfrom.com, srinagaronline.in","12.8","11.3","False","False","OTHER","12.8","11.3","False","False","OTHER"
"SRPW02022902","Parimpora to Pampore","REVIEW","OTHER_MINOR","Peri_Urban","23.817","22.0","8","20-24","34.111187,74.747451","34.010891,74.912941","Standard published Srinagar(centre)-Pampore distance is only 14-17 km; engine's Parimpora-origin distance of 23.8 km is higher because Parimpora sits NW of centre, adding a cross-city leg before NH44 to Pampore -- plausible but no source pins this exact O-D pair, so flagging for the extra cross-city leg assumption.","distancebetween2.com Pampore-Srinagar,distance.org.in Srinagar-Pampore,Wikipedia Pampore","24.7","19.7","True","True","STALE_RERUN_FIXES","24.7","19.7","True","True","STALE_RERUN_FIXES"
"SRSR02022932","Parimpora to Rangrath","REVIEW","OVER_OSRM","Peri_Urban","19.812","16.0","24","14-18","34.111187,74.747451","34.013161,74.799413","No direct source confirms the Parimpora-Rangreth road distance; haversine-to-engine circuity ratio (1.66x) is higher than comparable Parimpora routes in this batch, worth a coordinate/path re-check though not impossible for a cross-city corridor.","waze.com Rangreth directions,mappls.com Parimpora Bus Stop,onefivenine.com Srinagar localities","13.0","10.7","False","True","STALE_RERUN_FIXES","13.0","10.7","False","True","STALE_RERUN_FIXES"
"BRBR01020202","Pehilpora to URI via Baramulla","REVIEW","OTHER_MINOR","Peri_Urban","25.43","22.5","13","20-25","34.1981,74.364653","34.145081,74.183855","Could not independently verify ""Pehilpora"" as a named locality; engine distance is roughly half the full Baramulla-Uri road (49-50 km), consistent with Pehilpora being a midpoint village, but confirm against a gazetteer.","distancesfrom.com Baramulla-Uri; facebook.com Baramulla-Uri-Kupwara; greaterkashmir.com Uri-Srinagar bus service","24.1","20.7","True","True","STALE_RERUN_FIXES","24.1","20.7","True","True","STALE_RERUN_FIXES"
"ANAN05010101","Phalgam to Anantnagh","REVIEW","OTHER_MINOR","Peri_Urban","39.73","45.5","-13","45-46","34.015555,75.327115","33.74535,75.186081","Engine's 39.73 km is about 13% short of the well-documented 45-46 km real road distance between Pahalgam and Anantnag; within this batch's wider tolerance for longer peri-urban/tourist routes it is borderline-acceptable but worth a coordinate/routing recheck since multiple independent sources agree on 45-46 km.","yatra.com Anantnag-Pahalgam,distancebetween2.com Pahalgam-Anantnag,cliffhangersindia.com Anantnag-Pahalgam taxi fare","39.7","35.2","True","True","STALE_RERUN_FIXES","39.7","35.2","True","True","STALE_RERUN_FIXES"
"SRSR02023003","Qamarwari to Baghi Mehtab","REVIEW","OVER_OSRM","Peri_Urban","16.223","10.5","55","9-12","34.094819,74.766082","34.016517,74.812674","No direct source for this specific O-D pair, but the circuity ratio (engine 16.22 km vs haversine 9.71 km, ~1.67x) is the highest among the genuinely intra-city legs in this batch; recommend re-checking the routed path or coordinates for Bagh-e-Mehtab.","Wikipedia Bagh e Mehtab,onefivenine.com Bagh-e-Mehtab,99acres.com Bagh-i-Mehtab","13.2","13.6","False","False","OTHER","13.2","13.6","False","False","OTHER"
"SRSR01020813","Rangpora to Dalgate","REVIEW","OVER_OSRM","Peri_Urban","15.533","10.5","48","9-12","34.161641,74.817634","34.081628,74.826887","Circuity ratio (1.74x) is elevated; Rangpora's exact coordinates could not be independently confirmed beyond its description as adjacent to Buchpora on the Ganderbal road, so the precise O-D distance carries some uncertainty -- recommend a coordinate recheck.","ganderbal.nic.in how-to-reach,Wikipedia Buchpora,distancesfrom.com Lal Chowk-Soura via Nowhatta","11.4","11.1","False","True","STALE_RERUN_FIXES","11.4","11.1","False","True","STALE_RERUN_FIXES"
"SRSR01020822","Rangpora to LD","REVIEW","OVER_OSRM","Peri_Urban","21.916","9.5","131","8-11","34.161641,74.817634","34.081954,74.805892","Engine's Rangpora-to-LD distance (21.9 km) is far above the ~9-11 km a direct Ganderbal-road-to-Karan Nagar run would imply (haversine only 8.93 km); this is the largest circuity outlier in the batch and likely reflects either a coordinate snap error or an unrealistic routed path -- recommend re-running OSRM for this O-D pair specifically.","Wikipedia Buchpora,srinagar.nic.in Lal Ded Hospital,mappls.com Lalla Ded Hospital","10.9","11.8","False","True","STALE_RERUN_FIXES","10.9","11.8","False","True","STALE_RERUN_FIXES"
"SRSR01010809","Rangpora to Soura","FAIL","GEOCODE_FAIL","Peri_Urban","22.053","3.0","635","2-4","34.161641,74.817634","34.137704,74.802102","Rangpora and Soura are adjacent localities on the same Ganderbal-road corridor (haversine only 3.02 km), but the engine models a 22.05 km / 110.3-min cycle -- nearly identical to the also-anomalous Rangpora-to-LD route in this same batch, strongly suggesting a data/routing error (e.g. a snapped-to-wrong-node OSRM call or a copy/paste of another route's distance) rather than a real corridor characteristic.","Wikipedia Buchpora,Wikipedia Soura Srinagar,distancesfrom.com Lal Chowk-Soura via Nowhatta","4.8","6.8","False","False","OTHER","4.8","6.8","False","False","OTHER"
"SRGB01010902","Soura to Gadoora","REVIEW","OVER_OSRM","Peri_Urban","17.862","7.3","145","8-10 (Gadoora is cited as ~8km from SKIMS Soura; haversine 4.66km)","34.137704,74.802102","34.176015,74.781487","Real-world sources (villageinfo.in) state Gadoora is only about 8 km from SKIMS Soura, well under half the engine's 17.86 km Route_KM; likely an over-estimated road path or coordinate/routing issue inflating distance.","villageinfo.in, onefivenine.com","7.9","12.8","False","True","STALE_RERUN_FIXES","7.9","12.8","False","True","STALE_RERUN_FIXES"
"SRGB02023901","Srinagar to Gund","REVIEW","OVER_OSRM","Peri_Urban","57.421","40.5","42","55-60 (Gund lies on NH1 between Ganderbal ~21km and Sonamarg ~80km from Srinagar; estimated 55-60km; haversine 32.01km)","34.07457,74.820502","34.257896,75.088684","Distance matches well, but the modelled cycle time runs noticeably longer than typical real-world estimates for this NH1 corridor; verify if congestion/layover assumptions for this hill route are appropriately calibrated.","ganderbal.nic.in, ninemash.com, etourismkashmir.com","57.4","65.3","True","False","COORD_OR_DETOUR","57.4","65.3","True","False","COORD_OR_DETOUR"
"SRGB02034001","TRC to Central University Ganderbal via Karan Nagar Zoonimar 90ft Road","REVIEW","OVER_OSRM","Peri_Urban","27.314","20.0","37","21-25 (Central University Ganderbal campus is beyond Ganderbal town, which itself is ~15-21km from Srinagar/TRC; haversine 21.07km)","34.083498,74.808812","34.272563,74.824405","The named via-points (Karan Nagar, Zoonimar Road, 90ft Road) make this a genuinely longer in-city-plus-suburban routing than a direct Srinagar-Ganderbal estimate, which likely explains both the higher KM and time versus straight-route benchmarks; recommend confirming via-point sequencing matches a realistic non-circuitous path.","kashmirlife.net (Red Buses route chart), ganderbal.nic.in, distancebetween2.com","27.3","31.6","True","False","COORD_OR_DETOUR","27.3","31.6","True","False","COORD_OR_DETOUR"
"PWSR03020939","Wasoora to Srinagar","REVIEW","OTHER_MINOR","Peri_Urban","39.631","40.5","-2","48-50 (Wikipedia: Wasoora is 50km from Srinagar; haversine 30.95km)","33.82621,74.971966","34.07457,74.820502","Wikipedia states Wasoora is 50 km from Srinagar (and 14 km east of Pulwama HQ), but the engine's Route_KM of 39.6 km is about 20% short of this sourced figure; recommend re-checking the coordinate/routing for Wasoora.","Wikipedia (Wasoora, Pulwama), distancefromto.net","39.6","40.6","True","True","STALE_RERUN_FIXES","39.6","40.6","True","True","STALE_RERUN_FIXES"
"SRSR02020223","Baghat Shora to Lalchowk","REVIEW","OVER_OSRM","Urban","13.003","4.5","189","3-5 (Baghat/Barzulla area is documented as 2-7km from Lal Chowk depending on exact sub-locality; haversine 3.37km)","34.041705,74.802477","34.071262,74.810527","Baghat (Shora) is documented as only 2-7 km from Lal Chowk by multiple sources (Barzulla ~2km, Bagh-e-Mehtab ~7km), but the engine models a 13 km, 52-minute one-way route for this short intra-city hop -- the routing/coordinate likely picked up a circuitous OSRM path or a less-central 'Shora' sub-point; recommend verifying the exact Baghat Shora coordinate and routing.","onefivenine.com (Baghat locality), distancesfrom.com, latlong.net (Lal Chowk)","4.4","4.6","False","True","STALE_RERUN_FIXES","4.4","4.6","False","True","STALE_RERUN_FIXES"
"SRSR02020525","Batamaloo Circular via Khonmoh","REVIEW","UNDER_OTHER","Urban","13.87","19.9","-30","10-13 (no exact source for Khonmoh leg; haversine 9.89km, with circular/via-point road premium typical 25-30% over straight line)","34.068715,74.779627","34.041631,74.881908","Real SSCL data confirms a precedent Batamaloo circular e-bus route (the kashmirlife.net 'Route 9' loop), supporting that this corridor type is genuine, but the specific Khonmoh routing and resulting cycle time could not be independently corroborated against a named timetable; treat as plausible but unverified in detail.","kashmirlife.net (Red Buses route chart -- Route 9 circular), onefivenine.com (Khonmoh)","13.9","12.4","True","False","COORD_OR_DETOUR","13.9","12.4","True","False","COORD_OR_DETOUR"
"SRSR02020501","Batamaloo to Arath","REVIEW","OVER_OSRM","Urban","12.395","7.0","77","6-8 (Arath is cited as ~6km from a Zainakote reference point near Batamaloo; haversine 6.92km)","34.068715,74.779627","34.040934,74.846883","Arath is documented as only about 6 km from the Zainakote/Batamaloo reference area, well under half the engine's 12.4 km Route_KM, and the implied one-way time (~49 min) is too long for a route this short; recommend re-checking the routing/coordinate for Arath.","elevationmap.net (Zainakote/Arath/Batamaloo proximity), onefivenine.com (Batmaloo locality)","12.4","13.3","True","False","COORD_OR_DETOUR","12.4","13.3","True","False","COORD_OR_DETOUR"
"SRSR02020613","Batmaloo to Dalgate","REVIEW","OVER_OSRM","Urban","5.366","3.5","53","3-4","34.079006,74.794454","34.081628,74.826887","Modelled road distance (5.4 km) is roughly 80% longer than straight-line (3.0 km); within tolerance for a short urban route given the documented Dalgate one-way detours, but extremely low load (0.008) suggests this route may be redundant with other Batamaloo-area services — flag for de-duplication.","onefivenine.com,distcalculator.com,tribuneindia.com","4.8","4.6","False","False","OTHER","4.8","4.6","False","False","OTHER"
"SRSR02011109","Chanapora to Soura","REVIEW","OVER_OSRM","Urban","14.108","11.5","23","11-12","34.033985,74.808002","34.137704,74.802102","KM delta is within tolerance but the implied average speed (~16 km/h one-way) is slow even for Srinagar city traffic; verify whether the route truly transits downtown or has a more direct alignment via the bypass.","wikipedia.org (Soura, Srinagar),onefivenine.com,alldistancebetween.com","14.1","14.2","True","False","COORD_OR_DETOUR","14.1","14.2","True","False","COORD_OR_DETOUR"
"BRBR01010201","Garkote to Baramulla","FAIL","GEOCODE_FAIL","Urban","2.961","19.5","-85","37 (real Garkote, Uri block) vs ~2-3 (engine coords)","34.1981,74.364653","34.208735,74.342587","Real Garkote village (Uri tehsil, Baramulla district) is 37 km from Baramulla town; the engine's O coordinate (34.1981,74.364653) is only ~2.4 km from its D coordinate (Baramulla town), meaning the geocoder almost certainly resolved 'Garkote' to a wrong/generic point near Baramulla rather than the real village. This is a coordinate/geocoding error, not a real short urban corridor.","onefivenine.com (Garkote-a Uri),villageinfo.org,geolysis.com","3.0","3.4","True","False","COORD_OR_DETOUR","3.0","3.4","True","False","COORD_OR_DETOUR"
"SRSR01020422","Hazratbal to LD","REVIEW","OVER_OSRM","Urban","9.286","6.5","43","6-7","34.127549,74.835646","34.081954,74.805892","Distance premium (haversine 5.76 vs modelled 9.3 km, +61%) is higher than typical for a direct Hazratbal-LD hop; either an unstated via-detour exists or the route geometry needs rechecking. Corridor and both endpoints are real and served.","wikipedia.org (Hazratbal),onefivenine.com,kashmirlife.net","9.3","10.4","True","False","COORD_OR_DETOUR","9.3","10.4","True","False","COORD_OR_DETOUR"
"SRSR02022941","Hazratbal, Lalbazar","REVIEW","OVER_OSRM","Urban","8.808","6.5","36","6-7","34.111187,74.747451","34.087134,74.811433","Route name says 'Hazratbal' but O coordinate (34.111187,74.747451) matches Parimpora, not the true Hazratbal point used elsewhere (34.127549,74.835646) — likely a naming/endpoint mismatch from route consolidation; verify intended origin.","onefivenine.com (Lal Bazar); wikipedia.org (Hazratbal); indiainfo.net","8.8","9.1","True","False","COORD_OR_DETOUR","8.8","9.1","True","False","COORD_OR_DETOUR"
"SRSR02021807","JVC to Batwara","REVIEW","OVER_OSRM","Urban","14.66","9.5","54","9-10","34.085141,74.762209","34.05838,74.85221","KM premium (+66% over haversine) and slow implied speed (~15 km/h one-way) are both on the high end; corridor and endpoints (JVC Hospital Bemina; Batwara) are real, but the routing/cycle-time should be rechecked against an actual road path.","mappls.com (JVC Hospital Bemina),justdial.com,onefivenine.com (Jawahar Nagar)","14.5","13.9","True","False","COORD_OR_DETOUR","14.5","13.9","True","False","COORD_OR_DETOUR"
"SRSR02022016","Jehangir Chowk to HMT","REVIEW","OVER_OSRM","Urban","10.311","7.5","37","7-8","34.071881,74.804719","34.108505,74.74716","KM premium is on the high side (+44% to +54% vs two plausible real-road estimates) for a route of this length; corridor and endpoint (HMT/Zainakote) are real and documented, but routing should be rechecked for unnecessary detour.","mappls.com (Zainakote/HMT),greaterkashmir.com (HMT factory history),wikimapia.org","8.6","7.9","False","True","STALE_RERUN_FIXES","8.6","7.9","False","True","STALE_RERUN_FIXES"
"SRSR02022018","Jehangir Chowk to JVC","REVIEW","OVER_OSRM","Urban","7.723","4.5","72","4-5","34.071881,74.804719","34.085141,74.762209","KM premium is high (+54% to +93% over haversine) for a sub-8 km urban route; while within the wider ±25% short-route tolerance band only at the low end of the range, this and the related JVC-to-Batwara route both show elevated circuity — worth a routing recheck.","mappls.com (JVC Hospital Bemina),justdial.com","7.5","7.9","True","False","COORD_OR_DETOUR","7.5","7.9","True","False","COORD_OR_DETOUR"
"SRSR02022229","LD to Parimpora","REVIEW","OVER_OSRM","Urban","10.44","8.5","23","8-9","34.081954,74.805892","34.111187,74.747451","Modelled one-way time appears generous relative to the short distance; otherwise corridor and coordinates check out fine","onefivenine.com, indiamapia.com, jksrtc.co.in","7.8","9.0","False","True","STALE_RERUN_FIXES","7.8","9.0","False","True","STALE_RERUN_FIXES"
"SRSR01020522","Lalbazar to LD","REVIEW","OVER_OSRM","Urban","9.308","6.5","43","6-7","34.125566,74.817375","34.081954,74.805892","KM_Delta is large in percentage terms but the absolute gap is only ~2-3 km, typical for very short urban routes; cycle time and headway look generous - worth re-checking origin pin for Lal Bazar","onefivenine.com, distancesfrom.com, wikipedia.org","6.3","7.2","False","True","STALE_RERUN_FIXES","6.3","7.2","False","True","STALE_RERUN_FIXES"
"SRSR01020529","Lalbazar to Parimpora","REVIEW","OVER_OSRM","Urban","12.646","10.0","26","9-11","34.125566,74.817375","34.111187,74.747451","Distance and corridor are plausible but on the upper edge of tolerance; cycle time is generous - flag for headway/fleet re-check rather than route validity","onefivenine.com, indiamapia.com","11.4","11.7","True","True","STALE_RERUN_FIXES","11.4","11.7","True","True","STALE_RERUN_FIXES"
"SRSR01020622","Malbagh to LD","REVIEW","OVER_OSRM","Urban","11.428","9.0","27","8-10","34.144232,74.825477","34.081954,74.805892","Real corridor and coordinates check out; modelled cycle time runs a bit long relative to the short distance - fleet of 6 for a 20 min headway, 0.165 load looks generous but not unreasonable for a hospital-bound route","onefivenine.com (Malabagh locality), srinagar.nic.in (LD Hospital)","9.2","11.5","False","True","STALE_RERUN_FIXES","9.2","11.5","False","True","STALE_RERUN_FIXES"
"SRSR02022728","Pantha Chowk to Panzinara","REVIEW","OVER_OSRM","Urban","10.811","9.0","20","8-10","34.044708,74.833526","34.058576,74.763155","Real corridor consistent with SSCL coverage; modelled distance/time on the higher side of tolerance for a 15-min headway trunk with fleet of 7 - worth re-checking if Panzinara terminal pin is precise","kashmirlife.net (SSCL route chart), mappls.com (Pantha Chowk bus stand), onefivenine.com","10.8","12.4","True","False","COORD_OR_DETOUR","10.8","12.4","True","False","COORD_OR_DETOUR"
"SRSR02022938","Parimpora to Saidakadal","REVIEW","OVER_OSRM","Urban","14.067","9.0","56","8-10","34.111187,74.747451","34.103619,74.827952","Engine KM (14.07) is roughly 41-56% higher than a realistic 8-10 km road distance between Parimpora and old-city Saidakadal; likely an inflated/indirect engine path. Corridor itself and headway/fleet are otherwise plausible given old-city congestion.","kashmirlife.net,mapcarta.com,onefivenine.com","9.7","11.2","False","True","STALE_RERUN_FIXES","9.7","11.2","False","True","STALE_RERUN_FIXES"
"SRSR02013004","Qamarwari to Hazratbal","REVIEW","OVER_OSRM","Urban","14.081","8.0","76","7-9","34.094819,74.766082","34.127549,74.835646","Web sources independently confirm Qamarwari-Hazratbal is ~7 km/~12-20 min by road, but engine models 14.08 km and a ~55-min one-way time — roughly double; likely an indirect/looped path or unit issue in the engine route geometry.","alldistancebetween.com,distancesfrom.com,waze.com","12.8","14.7","True","False","COORD_OR_DETOUR","12.8","14.7","True","False","COORD_OR_DETOUR"
"SRSR02023020","Qamarwari to Jehangir Chowk","REVIEW","OVER_OSRM","Urban","12.659","5.5","130","5-6","34.094819,74.766082","34.071881,74.804719","Engine KM (12.66) is more than double the haversine (4.38 km) and well above any reasonable road-detour factor for two adjacent central-Srinagar points; route geometry likely includes an unnecessary loop. Corridor and headway/fleet otherwise sane.","tellmyroute.com,kashmirlife.net,onefivenine.com","6.6","8.3","False","True","STALE_RERUN_FIXES","6.6","8.3","False","True","STALE_RERUN_FIXES"
"SRSR02023029","Qamarwari to Parimpora","REVIEW","OVER_OSRM","Urban","14.577","2.5","483","2-3","34.094819,74.766082","34.111187,74.747451","Severe distance mismatch: independently-confirmed adjacency (~0.8-3 km, both on JKRTC Route 9) versus engine's 14.58 km / ~55-min one-way; engine geometry for this pair is almost certainly wrong (likely picked up a long detour or mis-snapped node).","mappls.com,kashmirlife.net,onefivenine.com","3.8","6.0","False","False","OTHER","3.8","6.0","False","False","OTHER"
"SRSR01020823","Rangpora to Lalchowk","REVIEW","OVER_OSRM","Urban","13.983","10.0","40","9-11","34.161641,74.817634","34.071262,74.810527","Could not find a direct, named source confirming Rangpora-Lal Chowk distance/service; haversine (10.07 km) is reasonably close to engine KM but the one-way time of ~55 min for ~10-14 km looks inflated versus comparable Srinagar corridors (e.g. Soura-Lalchowk runs faster). Flagging for time-plausibility, not corridor existence.","latlong.net,distancesfrom.com,onefivenine.com","12.9","12.5","True","False","COORD_OR_DETOUR","12.9","12.5","True","False","COORD_OR_DETOUR"
"SRSR02023736","Safakadal to SMHS","FAIL","GEOCODE_FAIL","Urban","6.257","1.3","381","1-1.6","34.09322,74.791695","34.086425,74.798484","Engine models 6.26 km / ~23-25 min one-way for a corridor independently confirmed at 0.8-1.6 km / under 10 min — a 4-6x distance overstatement; the engine likely mis-snapped one endpoint onto a long detour or a wrong road segment for this very short hop.","onefivenine.com,jkb.bank.in,justdial.com","1.6","2.7","False","False","OTHER","1.6","2.7","False","False","OTHER"
"SRSR02023810","Saidakadal to Bypass","REVIEW","OVER_OSRM","Urban","13.28","7.5","77","7-8","34.103619,74.827952","34.090936,74.760881","Engine KM (13.28) is roughly double the haversine (6.33 km) and the implied detour factor (~2.1x) is high even for Srinagar's old-city street grid; corridor existence (old city to bypass) is plausible but the specific routed distance looks inflated.","greaterkashmir.com,mapcarta.com,kashmirobserver.net","11.2","11.9","False","False","OTHER","11.2","11.9","False","False","OTHER"
"SRSR01020912","Soura to Chuntwaliwar","REVIEW","OVER_OSRM","Urban","5.78","4.5","28","4-5","34.137704,74.802102","34.094606,74.800214","Could not independently confirm Chuntwaliwar as a real, named Srinagar locality despite searching multiple gazetteer/map sources; Soura and the destination coordinate are otherwise plausible and close to known urban areas, so this is flagged for endpoint-name verification rather than a hard FAIL.","wikipedia.org,onefivenine.com,dbpedia.org,mapcarta.com","5.8","6.9","True","False","COORD_OR_DETOUR","5.8","6.9","True","False","COORD_OR_DETOUR"
"SRSR01020913","Soura to Dalgate","REVIEW","OVER_OSRM","Urban","11.745","7.0","68","7","34.137704,74.802102","34.081628,74.826887","Real road distance (~7 km via distancesfrom.com) is well below the modelled 11.745 km, a 68% overstatement; likely the engine routed via a longer corridor than the direct Soura-Dalgate Bridge road. Headway 20 min and fleet 6 are still plausible for an urban link given the high cycle time used.","distancesfrom.com, Wikipedia Soura","7.6","8.1","False","True","STALE_RERUN_FIXES","7.6","8.1","False","True","STALE_RERUN_FIXES"
"SRGB01010903","Soura to Ganderbal","REVIEW","UNDER_OTHER","Urban","9.86","12.5","-21","10-15","34.137704,74.802102","34.192755,74.769753","Real driving distance for Soura/Srinagar to Ganderbal is commonly cited as 10-15 km depending on source and exact start point; modelled 9.86 km falls at the low end of that range, so it is plausible but on the short side. Treat as REVIEW for verification of the exact alignment used, not a hard error.","distancebetween2.com, onefivenine.com, ganderbal.nic.in","9.5","14.6","True","False","COORD_OR_DETOUR","9.5","14.6","True","False","COORD_OR_DETOUR"
"SRSR01010904","Soura to Hazratbal","REVIEW","OVER_OSRM","Urban","8.337","6.0","39","6","34.137704,74.802102","34.127549,74.835646","Real road distance per alldistancebetween.com is about 6 km (7 min driving) vs modelled 8.337 km, a 39% overstatement, and the one-way time of ~33 min is roughly 3x the real drive time even allowing for stops. The corridor and headway/fleet are sound; the KM and cycle-time figures look inflated.","alldistancebetween.com, onefivenine.com","5.0","8.7","False","True","STALE_RERUN_FIXES","5.0","8.7","False","True","STALE_RERUN_FIXES"
"SRSR01020922","Soura to LD","REVIEW","OVER_OSRM","Urban","10.099","7.5","35","7-8","34.137704,74.802102","34.081954,74.805892","LD Hospital (Lal Ded) sits in Wazir Bagh near Lal Chowk; estimated real road distance from Soura is about 7-8 km versus the modelled 10.1 km (about 30% over), and modelled one-way time of ~40 min is roughly double a realistic drive even with downtown congestion factored in.","srinagar.nic.in, mappls.com, gmcs.ac.in","7.1","8.7","False","True","STALE_RERUN_FIXES","7.1","8.7","False","True","STALE_RERUN_FIXES"
"SRSR01020929","Soura to Parimpora","REVIEW","OTHER_MINOR","Urban","12.314","12.0","3","11-13","34.137704,74.802102","34.111187,74.747451","Could not find a direct published distance for Soura-Parimpora; based on known Srinagar geography and the Parimpora bypass junction location the road distance is estimated at 11-13 km, close to modelled 12.314 km, but the one-way time of ~49 min is roughly double a realistic estimate even allowing for the busy mandi-area traffic.","wikimapia.org Parimpora Bypass Junction, indiamapia.com Parimpora, onefivenine.com Soura","11.3","13.0","True","True","STALE_RERUN_FIXES","11.3","13.0","True","True","STALE_RERUN_FIXES"
"SRSR01020936","Soura to SMHS","REVIEW","OVER_OSRM","Urban","11.97","8.5","41","8-9","34.137704,74.802102","34.086425,74.798484","SMHS Hospital is well documented in Karan Nagar; no single published Soura-SMHS distance was found but based on comparable city-core trips (Soura to Lal Chowk ~9-11 km) an SMHS distance of 8-9 km is a reasonable estimate, making the modelled 11.97 km about 37% over. Headway 20 min and fleet 6 are appropriate for a hospital-destination urban route.","srinagar.nic.in SMHS Hospital, mappls.com SMHS, gmcs.ac.in SMHS","7.7","9.3","False","True","STALE_RERUN_FIXES","7.7","9.3","False","True","STALE_RERUN_FIXES"
"SRBG02023903","Srinagar to Budgam","FAIL","GEOCODE_FAIL","Urban","23.639","11.5","106","9-14","34.07457,74.820502","34.006185,74.641626","Multiple independent sources (yatra.com, mapsofindia.com, clearcarrental.com) consistently cite Srinagar-Budgam as 9-14 km via NH444 (about 13-20 min drive), but the modelled route is 23.639 km with a 189-min round trip cycle (about 95 min one-way) — roughly double the real distance and far beyond plausible drive time; the destination coordinate appears to be misplaced west of the actual Budgam town centre, likely near a different village.","yatra.com Budgam-Srinagar distance, mapsofindia.com, clearcarrental.com, Wikipedia Budgam district","23.6","28.2","True","False","COORD_OR_DETOUR","23.6","28.2","True","False","COORD_OR_DETOUR"
"SRBG02033901","Srinagar to Chadoora","REVIEW","OVER_OSRM","Urban","16.895","14.5","17","14-15","34.07457,74.820502","33.943466,74.79875","Chadoora is consistently cited as 14-15 km from Srinagar (alldistancebetween.com, Wikipedia) versus the modelled 16.895 km, about a 17% overstatement at the edge of acceptable tolerance, and the one-way time of ~68 min is roughly 3x the realistic 20-25 min drive even accounting for the documented narrow/congested road locals want widened. Corridor is real and well-used; headway 35 min and fleet 5 are plausible for a peri-urban feeder of this length.","alldistancebetween.com Srinagar-Chadoora, Wikipedia Chadoora, facebook.com Dr Raja Muzaffar Bhat 4-lane road petition","16.9","16.2","True","True","STALE_RERUN_FIXES","16.9","16.2","True","True","STALE_RERUN_FIXES"
"SRPW02033904","Srinagar to NEW Khanda","REVIEW","OTHER_MINOR","Urban","22.786","26.0","-12","24-28","34.07457,74.820502","33.915501,74.882603","Real village in Pulwama tehsil exists and coordinate placement is broadly correct, but no source gives a precise point-to-point distance for Khanda itself (only general Srinagar-Pulwama figures), so the Real_RoadKM here is an inferred band rather than a directly sourced number; recommend confirming exact Khanda road distance via Google Maps before publishing.","icbse.com, distancebetween2.com, yatra.com","22.8","21.4","True","True","STALE_RERUN_FIXES","22.8","21.4","True","True","STALE_RERUN_FIXES"
"SRSR02023934","Srinagar to Rasoo","REVIEW","OTHER_MINOR","Urban","4.174","4.0","4","3-5","34.07457,74.820502","34.105358,74.809909","Coordinates land in a real, densely populated part of north Srinagar and the short distance/time are plausible, but no independent source could confirm a locality specifically named Rasoo (may be a minor mahalla/local name not indexed online); recommend verifying the exact stop name against a local gazetteer or Google Maps before publishing.","onefivenine.com, dbpedia.org (Soura context), latlong.net","4.2","4.7","True","True","STALE_RERUN_FIXES","4.2","4.7","True","True","STALE_RERUN_FIXES"
"SRBG02014001","TRC Srinagar to Airport","REVIEW","OVER_OSRM","Urban","14.524","12.0","21","12","34.075384,74.824467","33.993793,74.774698","Real, well known TRC-to-Airport corridor with both endpoints correctly placed; however multiple sources converge on roughly 12 km while the engine models 14.5 km (about 21% over), and the modelled one-way time of ~58 min is long for this corridor versus the commonly cited 20-30 min airport transfer time -- worth rechecking the routed path for unnecessary detour.","distancesfrom.com, distcalculator.com, clearcarrental.com","14.5","20.3","True","False","COORD_OR_DETOUR","14.5","20.3","True","False","COORD_OR_DETOUR"
