Route_ID,Route_Name,Haversine_KM,Origin_At_Srinagar_Centroid,Dest_At_Srinagar_Centroid,Zero_Length
R0001,SOURA ↔ LD,6.196,False,False,False
R0002,PARIMPORA ↔ BUDGAM,15.195,False,False,False
R0003,PARIMPORA ↔ BUDGAM,15.195,False,False,False
R0004,PARIMPORA ↔ BUDGAM,15.195,False,False,False
R0005,PARIMPORA ↔ BUDGAM,15.195,False,False,False
R0006,PARIMPORA ↔ HAZRATBAL,8.31,False,False,False
R0007,PARIMPORA ↔ CHADORA,19.21,False,False,False
R0008,LAWAYPORA ↔ JEHANGIR CHOWK,11.01,False,False,False
R0009,PARIMPORA ↔ CHADORA,19.21,False,False,False
R0010,LALBAZAR ↔ LD,4.937,False,False,False
R0011,SOURA ↔ GADOORA,4.518,False,False,False
R0012,SOURA ↔ GANDERBAL,6.784,False,False,False
R0013,SOURA ↔ GANDERBAL,6.784,False,False,False
R0014,LALBAZAR ↔ LALCHOWK,6.072,False,False,False
R0015,JEHANGIR CHOWK ↔ SOURA,7.337,False,False,False
R0016,SOURA ↔ LD,6.196,False,False,False
R0017,SOURA ↔ LD,6.196,False,False,False
R0018,SOURA ↔ HAZRATBAL,3.307,False,False,False
R0019,TRC ↔ HAZRATBAL,5.926,False,False,False
R0020,HAZRATBAL ↔ LD,5.707,False,False,False
R0021,SOURA ↔ RAILWAY STATION,13.343,False,False,False
R0022,SOURA ↔ LD,6.196,False,False,False
R0023,MALBAGH ↔ LD,7.151,False,False,False
R0024,JEHANGIR CHOWK ↔ JVC,4.223,False,False,False
R0025,JEHANGIR CHOWK ↔ JVC,4.223,False,False,False
R0026,SOURA ↔ PARIMPORA,5.834,False,False,False
R0027,SOURA ↔ HAZRATBAL,3.307,False,False,False
R0028,SOURA ↔ LD,6.196,False,False,False
R0029,JEHANGIR CHOWK ↔ JVC,4.223,False,False,False
R0030,JEHANGIR CHOWK ↔ JVC,4.223,False,False,False
R0031,JEHANGIR CHOWK ↔ BUDGAM,16.707,False,False,False
R0032,PARIMPORA ↔ SAIDAKADAL,7.394,False,False,False
R0033,JEHANGIR CHOWK ↔ JVC,4.223,False,False,False
R0034,SORA ↔ PARIMPORA,5.834,False,False,False
R0035,JEHANGIR CHOWK ↔ HMT,6.698,False,False,False
R0036,PARIMPORA ↔ PANTHA CHOWK,17.233,False,False,False
R0037,SOURA ↔ LD,6.196,False,False,False
R0038,PARIMPORA ↔ CHADORA,19.21,False,False,False
R0039,SOURA ↔ LD,6.196,False,False,False
R0040,SOURA ↔ RAILWAY STATION,13.343,False,False,False
R0041,SOURA ↔ HAZRATBAL,3.307,False,False,False
R0042,SORA ↔ LD,6.196,False,False,False
R0043,BAGHAT SHORA ↔ LALCHOWK,3.339,False,False,False
R0044,JEHANGIR CHOWK ↔ JVC,4.223,False,False,False
R0045,PARIMPORA ↔ RAWALPORA,11.251,False,False,False
R0046,PARIMPORA ↔ RAWALPORA,11.251,False,False,False
R0047,PARIMPORA ↔ RAWALPORA,11.251,False,False,False
R0048,SOURA ↔ LD,6.196,False,False,False
R0049,LALBAZAR ↔ QAMARWARI,5.792,False,False,False
R0050,SAFAKADAL ↔ SMHS,0.958,False,False,True
R0051,NARBAL ↔ JEHANGIR CHOWK,13.935,False,False,False
R0052,SOURA ↔ SMHS,5.708,False,False,False
R0053,SOURA ↔ SMHS,5.708,False,False,False
R0054,SOURA ↔ PARIMPORA,5.834,False,False,False
R0055,PARIMPORA ↔ SAIDAKADAL,7.394,False,False,False
R0056,SOURA ↔ QAMARWARI,5.79,False,False,False
R0057,SOURA ↔ SMHS,5.708,False,False,False
R0058,SAFAKADAL ↔ JEHANGIR CHOWK,2.666,False,False,False
R0059,SAFAKADAL ↔ JEHANGIR CHOWK,2.666,False,False,False
R0060,QAMARWARI ↔ PATHACHOWK,14.797,False,False,False
R0061,SAFAKADAL ↔ JEHANGIR CHOWK,2.666,False,False,False
R0062,SOURA ↔ LD,6.196,False,False,False
R0063,SAFAKADAL ↔ JEHANGIR CHOWK,2.666,False,False,False
R0064,LALBAZAR ↔ LD,4.937,False,False,False
R0065,QAMARWARI ↔ DALGATE,5.751,False,False,False
R0066,HAZRATBAL ↔ LD,5.707,False,False,False
R0067,HAZRATBAL ↔ LD,5.707,False,False,False
R0068,QAMARWARI ↔ DALGATE,5.751,False,False,False
R0069,SAFAKADAL ↔ SMHS,0.958,False,False,True
R0070,SAIDAKADAL ↔ PARIMPORA,7.394,False,False,False
R0071,SAFAKADAL ↔ SMHS,0.958,False,False,True
R0072,SAFAKADAL ↔ SMHS,0.958,False,False,True
R0073,SAFAKADAL ↔ SMHS,0.958,False,False,True
R0074,LALBAZAR ↔ PARIMPORA,6.628,False,False,False
R0075,PARIMPORA ↔ RAWALPORA,11.251,False,False,False
R0076,PARIMPORA ↔ HAZRATBAL,8.31,False,False,False
R0077,JEHANGIR CHOWK ↔ HMT,6.698,False,False,False
R0078,LALBAZAR ↔ PARIMPORA,6.628,False,False,False
R0079,LALBAZAR ↔ PARIMPORA,6.628,False,False,False
R0080,LALBAZAR ↔ PARIMPORA,6.628,False,False,False
R0081,PARIMPORA ↔ CHADORA,19.21,False,False,False
R0082,LALBAZAR ↔ PARIMPORA,6.628,False,False,False
R0083,LALBAZAR ↔ PARIMPORA,6.628,False,False,False
R0084,QAMARWARI ↔ HAZRATBAL,7.311,False,False,False
R0085,SOURA ↔ JEHANGIR CHOWK,7.337,False,False,False
R0086,LALBAZAR ↔ PARIMPORA,6.628,False,False,False
R0087,HMT ↔ JEHANGIR CHOWK,6.698,False,False,False
R0088,LALBAZAR ↔ PARIMPORA,6.628,False,False,False
R0089,PARIMPORA ↔ RANGRATH,11.904,False,False,False
R0090,SAIDAKADAL ↔ BYPASS,6.264,False,False,False
R0091,SAIDAKADAL ↔ BYPASS,6.264,False,False,False
R0092,HMT ↔ JEHANGIR CHOWK,6.698,False,False,False
R0093,JEHANGIR CHOWK ↔ HMT,6.698,False,False,False
R0094,JEHANGIR CHOWK ↔ HMT,6.698,False,False,False
R0095,PARIMPORA ↔ RANGRATH,11.904,False,False,False
R0096,PARIMPORA ↔ RANGRATH,11.904,False,False,False
R0097,SAFAKADAL ↔ JEHANGIR CHOWK,2.666,False,False,False
R0098,SAFAKADAL ↔ JEHANGIR CHOWK,2.666,False,False,False
R0099,JEHANGIR CHOWK ↔ HMT,6.698,False,False,False
R0100,JEHANGIR CHOWK ↔ PANZINARA,13.032,False,False,False
R0101,SAFAKADAL ↔ JEHANGIR CHOWK,2.666,False,False,False
R0102,SAFAKADAL ↔ JEHANGIR CHOWK,2.666,False,False,False
R0103,BATAMALLO ↔ PANTHA CHOWK,11.442,False,False,False
R0104,SAFAKADAL ↔ JEHANGIR CHOWK,2.666,False,False,False
R0105,SAFAKADAL ↔ JEHANGIR CHOWK,2.666,False,False,False
R0106,PARIMPORA ↔ RANGRATH,11.904,False,False,False
R0107,PARIMPORA ↔ RAWALPORA,11.251,False,False,False
R0108,BATAMALLO ↔ PANTHA CHOWK,11.442,False,False,False
R0109,JEHANGIR CHOWK ↔ JVC,4.223,False,False,False
R0110,BATAMALLO ↔ PANTHA CHOWK,11.442,False,False,False
R0111,PARIMPORA ↔ RANGRATH,11.904,False,False,False
R0112,BATAMALLO ↔ PANTHA CHOWK,11.442,False,False,False
R0113,JEHANGIR CHOWK ↔ HMT,6.698,False,False,False
R0114,BATAMALLO ↔ PANTHA CHOWK,11.442,False,False,False
R0115,BATAMALLO ↔ PANTHA CHOWK,11.442,False,False,False
R0116,JEHANGIR CHOWK ↔ BUDGAM,16.707,False,False,False
R0117,LALBAZAR ↔ PARIMPORA,6.628,False,False,False
R0118,SOURA ↔ JEHANGIR CHOWK,7.337,False,False,False
R0119,PARIMPORA ↔ PANTHACHOWK,17.233,False,False,False
R0120,PARIMPORA ↔ PANTHACHOWK,17.233,False,False,False
R0121,SOURA ↔ JEHANGIR CHOWK,7.337,False,False,False
R0122,PARIMPORA ↔ PANTHACHOWK,17.233,False,False,False
R0123,PARIMPORA ↔ RANGRATH,11.904,False,False,False
R0124,QAMARWARI ↔ JEHANGIR CHOWK,4.363,False,False,False
R0125,NARBAL ↔ JEHANGIR CHOWK,13.935,False,False,False
R0126,PARIMPORA ↔ BUDGAM,15.195,False,False,False
R0127,QAMARWARI ↔ DALGATE,5.751,False,False,False
R0128,PARIMPORA ↔ BUDGAM,15.195,False,False,False
R0129,PARIMPORA ↔ PANTHACHOWK,17.233,False,False,False
R0130,PARIMPORA ↔ JEHANGIR CHOWK,6.86,False,False,False
R0131,QAMARWARI ↔ DALGATE,5.751,False,False,False
R0132,BATAMALLO ↔ PANTHACHOK,11.442,False,False,False
R0133,SOURA ↔ JEHANGIR CHOWK,7.337,False,False,False
R0134,LALBAZAR ↔ LD,4.937,False,False,False
R0135,LALBAZAR ↔ LD,4.937,False,False,False
R0136,LALBAZAR ↔ LD,4.937,False,False,False
R0137,JVC ↔ BATWARA,8.812,False,False,False
R0138,NARBAL ↔ JEHANGIR CHOWK,13.935,False,False,False
R0139,QAMARWARI ↔ DALGATE,5.751,False,False,False
R0140,BATAMALLO ↔ PANTHACHOWK,11.442,False,False,False
R0141,BATAMALLO ↔ PANTHACHOWK,11.442,False,False,False
R0142,BATAMALLO ↔ PANTHACHOWK,11.442,False,False,False
R0143,SAFAKADAL ↔ JEHANGIR CHOWK,2.666,False,False,False
R0144,PARIMPORA ↔ CHADORA,19.21,False,False,False
R0145,PARIMPORA ↔ RANGRATH,11.904,False,False,False
R0146,LD ↔ PANTHACHOWK,10.965,False,False,False
R0147,LD ↔ PANTHACHOWK,10.965,False,False,False
R0148,LD ↔ PANTHACHOWK,10.965,False,False,False
R0149,HAZRATBAL ↔ BONE JOINT HOSPITAL BARZALLA,8.7,False,False,False
R0150,HAZRATBAL ↔ LD,5.707,False,False,False
R0151,HAZRATBAL ↔ LD,5.707,False,False,False
R0152,BATAMALLO ↔ PANTHACHOWK,11.442,False,False,False
R0153,BATAMALLO ↔ PANTHACHOWK,11.442,False,False,False
R0154,PARIMPORA ↔ CHADORA,19.21,False,False,False
R0155,PARIMPORA ↔ PANTHACHOWK,17.233,False,False,False
R0156,PANTHACHOWK ↔ LD,10.965,False,False,False
R0157,PANTHACHOWK ↔ LD,10.965,False,False,False
R0158,GBS ↔ LAL CHOWK,0.299,False,False,True
R0159,PARIMPORA ↔ PANTHACHOWK,17.233,False,False,False
R0160,PARIMPORA ↔ JAWAHAIRNAGAR,8.157,False,False,False
R0161,QAMARWARI ↔ DALGATE,5.751,False,False,False
R0162,PARIMPORA ↔ JAWAHAIRNAGAR,8.157,False,False,False
R0163,QAMARWARI ↔ BAGHI MEHTAB,9.697,False,False,False
R0164,LALBAZAR ↔ LD,4.937,False,False,False
R0165,LALBAZAR ↔ LD,4.937,False,False,False
R0166,LALBAZAR ↔ LD,4.937,False,False,False
R0167,HAZRATBAL ↔ LD,5.707,False,False,False
R0168,JEHANGIR CHOWK ↔ BEMINA,3.421,False,False,False
R0169,HAZRATBAL ↔ LD,5.707,False,False,False
R0170,PARIMPORA ↔ JAWAHIRNAGAR,8.157,False,False,False
R0171,HAZRATBAL ↔ LD,5.707,False,False,False
R0172,HAZRATBAL ↔ LD,5.707,False,False,False
R0173,HAZRATBAL ↔ LD,5.707,False,False,False
R0174,PARIMPORA ↔ JAWAHIRNAGAR,8.157,False,False,False
R0175,JEHANGIR CHOWK ↔ BEMINA,3.421,False,False,False
R0176,BATAMALLO ↔ PANTHACHOWK,11.442,False,False,False
R0177,SAFAKADAL ↔ JEHANGIR CHOWK,2.666,False,False,False
R0178,BATAMALLO ↔ PANTHACHOWK,11.442,False,False,False
R0179,PARIMPORA ↔ JAWAHIRNAGAR,8.157,False,False,False
R0180,PARIMPORA ↔ PANTHACHOWK,17.233,False,False,False
R0181,HAZRATBAL ↔ LD,5.707,False,False,False
R0182,HAZRATBAL ↔ LD,5.707,False,False,False
R0183,BATAMALLO ↔ PANTHACHOWK,11.442,False,False,False
R0184,HAZRATBAL ↔ LD,5.707,False,False,False
R0185,JEHANGIR CHOWK ↔ HMT,6.698,False,False,False
R0186,QAMARWARI ↔ DALGATE,5.751,False,False,False
R0187,LALBAZAR ↔ LALCHOWK,6.072,False,False,False
R0188,SOURA ↔ PARIMPORA,5.834,False,False,False
R0189,PARIMPORA ↔ PANTHACHOWK,17.233,False,False,False
R0190,HAZRATBAL ↔ LD,5.707,False,False,False
R0191,CHANAPORA ↔ SOURA,11.561,False,False,False
R0192,PARIMPORA ↔ HUMHAMA,10.265,False,False,False
R0193,BATAMALLO ↔ PANTHACHOWK,11.442,False,False,False
R0194,PARIMPORA ↔ PANTHACHOWK,17.233,False,False,False
R0195,SAFAKADAL ↔ JEHANGIR CHOWK,2.666,False,False,False
R0196,SOURA ↔ GANDERBAL,6.784,False,False,False
R0197,JEHANGIR CHOWK ↔ BUDGAM,16.707,False,False,False
R0198,JEHANGIR CHOWK ↔ HMT,6.698,False,False,False
R0199,JEHANGIR CHOWK ↔ BUDGAM,16.707,False,False,False
R0200,SOURA ↔ JEHANGIR CHOWK,7.337,False,False,False
R0201,HAZRATBAL ↔ LD,5.707,False,False,False
R0202,PARIMPORA ↔ PANTHACHOWK,17.233,False,False,False
R0203,HAZRATBAL ↔ LD,5.707,False,False,False
R0204,LD ↔ PAMPORE,12.659,False,False,False
R0205,BATMALOO ↔ DALGATE,3.018,False,False,False
R0206,PARIMPORA ↔ PANTHACHOWK,17.233,False,False,False
R0207,LALBAZAR ↔ LALCHOWK,6.072,False,False,False
R0208,SAFAKADAL ↔ JEHANGIR CHOWK,2.666,False,False,False
R0209,JEHANGIR CHOWK ↔ BUDGAM,16.707,False,False,False
R0210,PARIMPORA ↔ PANTHACHOWK,17.233,False,False,False
R0211,SAFAKADAL ↔ JEHANGIR CHOWK,2.666,False,False,False
R0212,HAZRATBAL ↔ LD,5.707,False,False,False
R0213,HMT ↔ JEHANGIR CHOWK,6.698,False,False,False
R0214,NARBAL ↔ JEHANGIR CHOWK,13.935,False,False,False
R0215,"Hazratbal, Lalbazar",6.468,False,False,False
R0216,HAZRATBAL ↔ LD,5.707,False,False,False
R0217,HAZRATBAL ↔ LD,5.707,False,False,False
R0218,BATAMALLO ↔ PANTHACHOWK,11.442,False,False,False
R0219,JEHANGIR CHOWK ↔ JVC,4.223,False,False,False
R0220,JEHANGIR CHOWK ↔ BEMINA,3.421,False,False,False
R0221,HAZRATBAL ↔ LD,5.707,False,False,False
R0222,LD ↔ PAMPORE,12.659,False,False,False
R0223,HAZRATBAL ↔ LD,5.707,False,False,False
R0224,PARIMPORA ↔ JAWAHIRNAGAR,8.157,False,False,False
R0225,HAZRATBAL ↔ LD,5.707,False,False,False
R0226,JEHANGIR CHOWK ↔ BEMINA,3.421,False,False,False
R0227,PARIMPORA ↔ PANTHACHOWK,17.233,False,False,False
R0228,HAZRATBAL ↔ LD,5.707,False,False,False
R0229,SOURA ↔ HAZRATBAL,3.307,False,False,False
R0230,PARIMPORA ↔ HAZRATBAL,8.31,False,False,False
R0231,PARIMPORA ↔ HUMHAMA,10.265,False,False,False
R0232,PARIMPORA ↔ HUMHAMA,10.265,False,False,False
R0233,PARIMPORA ↔ HUMHAMA,10.265,False,False,False
R0234,LD ↔ PARIMPORA,6.27,False,False,False
R0235,PARIMPORA ↔ HUMHAMA,10.265,False,False,False
R0236,JEHANGIR CHOWK ↔ BEMINA,3.421,False,False,False
R0237,PARIMPORA ↔ HAZRATBAL,8.31,False,False,False
R0238,SOURA ↔ DALGATE,6.653,False,False,False
R0239,SOURA ↔ JEHANGIR CHOWK,7.337,False,False,False
R0240,JEHANGIR CHOWK ↔ HMT,6.698,False,False,False
R0241,HAZRATBAL ↔ LD,5.707,False,False,False
R0242,HAZRATBAL ↔ LD,5.707,False,False,False
R0243,PARIMPORA ↔ HUMHAMA,10.265,False,False,False
R0244,PARIMPORA ↔ PANTHACHOWK,17.233,False,False,False
R0245,SOURA ↔ JEHANGIR CHOWK,7.337,False,False,False
R0246,JEHANGIR CHOWK ↔ BEMINA,3.421,False,False,False
R0247,SOURA ↔ CHUNTWALIWAR,4.767,False,False,False
R0248,JEHANGIR CHOWK ↔ HMT,6.698,False,False,False
R0249,JEHANGIR CHOWK ↔ JVC,4.223,False,False,False
R0250,HMT ↔ JEHANGIR CHOWK,6.698,False,False,False
R0251,SOURA ↔ BATAMALLO,7.688,False,False,False
R0252,PARIMPORA ↔ HUMHAMA,10.265,False,False,False
R0253,JEHANGIR CHOWK ↔ BEMINA,3.421,False,False,False
R0254,SOURA ↔ PARIMPORA,5.834,False,False,False
R0255,RANGPORA ↔ SOURA,3.022,False,False,False
R0256,PARIMPORA ↔ HUMHAMA,10.265,False,False,False
R0257,PARIMPORA ↔ PANTHACHOWK,17.233,False,False,False
R0258,RANGPORA ↔ SOURA,3.022,False,False,False
R0259,LD ↔ PARIMPORA,6.27,False,False,False
R0260,HAZRATBAL ↔ LD,5.707,False,False,False
R0261,HAZRATBAL ↔ LD,5.707,False,False,False
R0262,JEHANGIR CHOWK ↔ PANZINARA,13.032,False,False,False
R0263,LD ↔ BUDGAM,17.317,False,False,False
R0264,BATAMALLO ↔ PANTHACHOWK,11.442,False,False,False
R0265,HAZRATBAL ↔ LD,5.707,False,False,False
R0266,PARIMPORA ↔ PANTHACHOWK,17.233,False,False,False
R0267,JEHANGIR CHOWK ↔ BUDGAM,16.707,False,False,False
R0268,NARBAL ↔ JEHANGIR CHOWK,13.935,False,False,False
R0269,JEHANGIR CHOWK ↔ BUDGAM,16.707,False,False,False
R0270,LD ↔ BUDGAM,17.317,False,False,False
R0271,RANGPORA ↔ SOURA,3.022,False,False,False
R0272,JEHANGIR CHOWK ↔ HMT,6.698,False,False,False
R0273,LD ↔ PAMPORE,12.659,False,False,False
R0274,PARIMPORA ↔ PAMPORE,18.89,False,False,False
R0275,LD ↔ BUDGAM,17.317,False,False,False
R0276,SOURA ↔ JEHANGIR CHOWK,7.337,False,False,False
R0277,HAZRATBAL ↔ LD,5.707,False,False,False
R0278,LALBAZAR ↔ LALCHOWK,6.072,False,False,False
R0279,LD ↔ BUDGAM,17.317,False,False,False
R0280,PARIMPORA ↔ PANTHACHOWK,17.233,False,False,False
R0281,RANGPORA ↔ DALGATE,8.947,False,False,False
R0282,JEHANGIR CHOWK ↔ BEMINA,3.421,False,False,False
R0283,LD ↔ PARIMPORA,6.27,False,False,False
R0284,PARIMPORA ↔ PANTHACHOWK,17.233,False,False,False
R0285,SOURA ↔ JEHANGIR CHOWK,7.337,False,False,False
R0286,BATAMAALO ↔ PANTHACHOWK,11.442,False,False,False
R0287,LD ↔ PAMPORE,12.659,False,False,False
R0288,LALBAZAR ↔ LALCHOWK,6.072,False,False,False
R0289,JEHANGIR CHOWK ↔ BEMINA,3.421,False,False,False
R0290,BATAMALLO ↔ PANTHACHOWK,11.442,False,False,False
R0291,LD ↔ PAMPORE,12.659,False,False,False
R0292,BATAMALLO ↔ PANTHACHOWK,11.442,False,False,False
R0293,NARBAL ↔ JEHANGIR CHOWK,13.935,False,False,False
R0294,SOURA ↔ JEHANGIR CHOWK,7.337,False,False,False
R0295,SOURA ↔ JEHANGIR CHOWK,7.337,False,False,False
R0296,HAZRATBAL ↔ LD,5.707,False,False,False
R0297,NARBAL ↔ JEHANGIR CHOWK,13.935,False,False,False
R0298,LD ↔ PAMPORE,12.659,False,False,False
R0299,HAZRATBAL ↔ LD,5.707,False,False,False
R0300,HAZRATBAL ↔ LD,5.707,False,False,False
R0301,SOURA ↔ PARIMPORA,5.834,False,False,False
R0302,BATAMALLO ↔ PANTHACHOWK,11.442,False,False,False
R0303,PARIMPORA ↔ PANTHACHOWK,17.233,False,False,False
R0304,LD ↔ PAMPORE,12.659,False,False,False
R0305,SOURA ↔ JEHANGIR CHOWK,7.337,False,False,False
R0306,PARIMPORA ↔ PATHACHOWK,17.233,False,False,False
R0307,PARIMPORA ↔ BUDGAM,15.195,False,False,False
R0308,JEHANGIR CHOWK ↔ BUDGAM,16.707,False,False,False
R0309,LD ↔ PAMPORE,12.659,False,False,False
R0310,BATAMALLO ↔ PANTHACHOWK,11.442,False,False,False
R0311,NARBAL ↔ JEHANGIR CHOWK,13.935,False,False,False
R0312,PARIMPORA ↔ BUDGAM,15.195,False,False,False
R0313,PARIMPORA ↔ BUDGAM,15.195,False,False,False
R0314,PARIMPORA ↔ PANTHACHOWK,17.233,False,False,False
R0315,PARIMPORA ↔ PANTHACHOWK,17.233,False,False,False
R0316,HAZRATBAL ↔ LD,5.707,False,False,False
R0317,LAWAYPORA ↔ JEHANGIR CHOWK,11.01,False,False,False
R0318,JEHANGIR CHOWK ↔ BEMINA,3.421,False,False,False
R0319,RANGPORA ↔ LALCHOWK,10.083,False,False,False
R0320,BATAMALLO ↔ PANTHACHOWK,11.442,False,False,False
R0321,RANGPORA ↔ LALCHOWK,10.083,False,False,False
R0322,RANGPORA ↔ LALCHOWK,10.083,False,False,False
R0323,BATAMALLO ↔ PANTHACHOWK,11.442,False,False,False
R0324,JEHANGIR CHOWK ↔ BEMINA,3.421,False,False,False
R0325,PARIMPORA ↔ PANTHACHOWK,17.233,False,False,False
R0326,PARIMPORA ↔ PATHACHOWK,17.233,False,False,False
R0327,LD ↔ PAMPORE,12.659,False,False,False
R0328,PARIMPORA ↔ PAMPORE,18.89,False,False,False
R0329,PARIMPORA ↔ BUDGAM,15.195,False,False,False
R0330,PARIMPORA ↔ PAMPORE,18.89,False,False,False
R0331,LD ↔ PAMPORE,12.659,False,False,False
R0332,BATAMALLO ↔ PANTHACHOWK,11.442,False,False,False
R0333,SOURA ↔ JEHANGIR CHOWK,7.337,False,False,False
R0334,PARIMPORA ↔ PAMPORE,18.89,False,False,False
R0335,PARIMPORA ↔ BUDGAM,15.195,False,False,False
R0336,PARIMPORA ↔ BUDGAM,15.195,False,False,False
R0337,MALBAGH ↔ LD,7.151,False,False,False
R0338,LD ↔ PAMPORE,12.659,False,False,False
R0339,HAZRATBAL ↔ LD,5.707,False,False,False
R0340,JEHANGIR CHOWK ↔ BEMINA,3.421,False,False,False
R0341,PARIMPORA ↔ BUDGAM,15.195,False,False,False
R0342,LD ↔ PAMPORE,12.659,False,False,False
R0343,JEHANGIR CHOWK ↔ BUDGAM,16.707,False,False,False
R0344,RANGPORA ↔ LALCHOWK,10.083,False,False,False
R0345,LD ↔ PAMPORE,12.659,False,False,False
R0346,RANGPORA ↔ LALCHOWK,10.083,False,False,False
R0347,SOURA ↔ JEHANGIR CHOWK,7.337,False,False,False
R0348,LD ↔ PAMPORE,12.659,False,False,False
R0349,HAZRATBAL ↔ LD,5.707,False,False,False
R0350,LALBAZAR ↔ LD,4.937,False,False,False
R0351,JEHANGIR CHOWK ↔ PANZINARA,13.032,False,False,False
R0352,LALBAZAR ↔ LD,4.937,False,False,False
R0353,LD ↔ PAMPORE,12.659,False,False,False
R0354,PARIMPORA ↔ PANTHACHOWK,17.233,False,False,False
R0355,HAZRATBAL ↔ LD,5.707,False,False,False
R0356,HAZRATBAL ↔ LD,5.707,False,False,False
R0357,PARIMPORA ↔ PATHACHOWK,17.233,False,False,False
R0358,HAZRATBAL ↔ LD,5.707,False,False,False
R0359,PARIMPORA ↔ BUDGAM,15.195,False,False,False
R0360,HAZRATBAL ↔ LD,5.707,False,False,False
R0361,LD ↔ PAMPORE,12.659,False,False,False
R0362,SOURA ↔ RAILWAY STATION,13.343,False,False,False
R0363,SOURA ↔ JEHANGIR CHOWK,7.337,False,False,False
R0364,SOURA ↔ JEHANGIR CHOWK,7.337,False,False,False
R0365,SAIDAKADAL ↔ PARIMPORA,7.394,False,False,False
R0366,PARIMPORA ↔ BUDGAM,15.195,False,False,False
R0367,NARBAL ↔ JEHANGIR CHOWK,13.935,False,False,False
R0368,LALBAZAR ↔ LALCHOWK,6.072,False,False,False
R0369,HAZRATBAL ↔ LD,5.707,False,False,False
R0370,PARIMPORA ↔ PANTHACHOWK,17.233,False,False,False
R0371,LD ↔ PAMPORE,12.659,False,False,False
R0372,SOURA ↔ JEHANGIR CHOWK,7.337,False,False,False
R0373,QAMARWARI ↔ PARIMPORA,2.521,False,False,False
R0374,PARIMPORA ↔ BUDGAM,15.195,False,False,False
R0375,LD ↔ PAMPORE,12.659,False,False,False
R0376,PARIMPORA ↔ BUDGAM,15.195,False,False,False
R0377,LD ↔ PARIMPORA,6.27,False,False,False
R0378,SOURA ↔ LD,6.196,False,False,False
R0379,LD ↔ PAMPORE,12.659,False,False,False
R0380,SOURA ↔ HAZRATBAL,3.307,False,False,False
R0381,SOURA ↔ HAZRATBAL,3.307,False,False,False
R0382,SOURA ↔ RAILWAY STATION,13.343,False,False,False
R0383,PARIMPORA ↔ BUDGAM,15.195,False,False,False
R0384,QAMARWARI ↔ PARIMPORA,2.521,False,False,False
R0385,QAMARWARI ↔ PARIMPORA,2.521,False,False,False
R0386,SOURA ↔ LD,6.196,False,False,False
R0387,HAZRATBAL ↔ LD,5.707,False,False,False
R0388,QAMARWARI ↔ PARIMPORA,2.521,False,False,False
R0389,LD ↔ PAMPORE,12.659,False,False,False
R0390,QAMARWARI ↔ PARIMPORA,2.521,False,False,False
R0391,SOURA ↔ LD,6.196,False,False,False
R0392,SOURA ↔ HAZRATBAL,3.307,False,False,False
R0393,MA ROAD ↔ SAFAKADAL,9.907,False,False,False
R0394,SOURA ↔ LD,6.196,False,False,False
R0395,PARIMPORA ↔ PANTHACHOWK,17.233,False,False,False
R0396,RANGPORA ↔ LD,8.911,False,False,False
R0397,SOURA ↔ LD,6.196,False,False,False
R0398,BAGHAT SHORA ↔ LALCHOWK,3.339,False,False,False
R0399,LD ↔ PAMPORE,12.659,False,False,False
R0400,PARIMPORA ↔ BUDGAM,15.195,False,False,False
R0401,PARIMPORA ↔ BUDGAM,15.195,False,False,False
R0402,CHANAPORA ↔ SOURA,11.561,False,False,False
R0403,SOURA ↔ LD,6.196,False,False,False
R0404,SOURA ↔ LD,6.196,False,False,False
R0405,SOURA ↔ JEHANGIR CHOWK,7.337,False,False,False
R0406,SOURA ↔ LD,6.196,False,False,False
R0407,BAGHAT SHORA ↔ LALCHOWK,3.339,False,False,False
R0408,SOURA ↔ LALCHOWK,7.443,False,False,False
R0409,HAZRATBAL ↔ LD,5.707,False,False,False
R0410,BAGHAT SHORA ↔ LALCHOWK,3.339,False,False,False
R0411,SOURA ↔ LALCHOWK,7.443,False,False,False
R0412,LAWAYPORA ↔ JEHANGIR CHOWK,11.01,False,False,False
R0413,SOURA ↔ LD,6.196,False,False,False
R0414,PARIMPORA ↔ BUDGAM,15.195,False,False,False
R0415,PARIMPORA ↔ BUDGAM,15.195,False,False,False
R0416,SOURA ↔ GANDERBAL,6.784,False,False,False
R0417,SOURA ↔ GANDERBAL,6.784,False,False,False
R0418,SOURA ↔ HAZRATBAL,3.307,False,False,False
R0419,PARIMPORA ↔ BUDGAM,15.195,False,False,False
R0420,JEHANGIR CHOWK ↔ HMT,6.698,False,False,False
R0421,MALBAGH ↔ LD,7.151,False,False,False
R0422,JEHANGIR CHOWK ↔ JVC,4.223,False,False,False
R0423,MA ROAD ↔ PARIMPORA,14.387,False,False,False
R0424,TRC ↔ HAZRATBAL,5.926,False,False,False
R0425,TRC ↔ HAZRATBAL,5.926,False,False,False
R0426,LD ↔ PAMPORE,12.659,False,False,False
R0427,SOURA ↔ HAZRATBAL,3.307,False,False,False
R0428,SOURA ↔ HAZRATBAL,3.307,False,False,False
R0429,SOURA ↔ HAZRATBAL,3.307,False,False,False
R0430,PARIMPORA ↔ BUDGAM,15.195,False,False,False
R0431,LD ↔ PARIMPORA,6.27,False,False,False
R0432,SOURA ↔ LD,6.196,False,False,False
R0433,LD ↔ PARIMPORA,6.27,False,False,False
R0434,SOURA ↔ LD,6.196,False,False,False
R0435,LD ↔ PARIMPORA,6.27,False,False,False
R0436,SAFAKADAL ↔ JEHANGIR CHOWK,2.666,False,False,False
R0437,PARIMPORA ↔ BUDGAM,15.195,False,False,False
R0438,JEHANGIR CHOWK ↔ HMT,6.698,False,False,False
R0439,LD ↔ PARIMPORA,6.27,False,False,False
R0440,SOURA ↔ LD,6.196,False,False,False
R0441,JEHANGIR CHOWK ↔ JVC,4.223,False,False,False
R0442,SOURA ↔ LD,6.196,False,False,False
R0443,SOURA ↔ LD,6.196,False,False,False
R0444,PARIMPORA ↔ JAWAHIRNAGAR,8.157,False,False,False
R0445,SAFAKADAL ↔ JEHANGIR CHOWK,2.666,False,False,False
R0446,SRINAGAR to SHANGLIPORA,32.392,False,False,False
R0447,SRINAGAR to ISGANDERPORA,23.923,False,False,False
R0448,SRINAGAR to ABOORA,26.261,False,False,False
R0449,SRINAGAR to ARIZAL,40.711,False,False,False
R0450,SRINAGAR to BADERKOTE,33.498,False,False,False
R0451,SRINAGAR to LOOLPORA,27.022,False,False,False
R0452,SRINAGAR to BEERU,11.532,False,False,False
R0453,SRINAGAR to DARDPORA,83.161,False,False,False
R0454,SRINAGAR to GAGULDARA,11.532,False,False,False
R0455,SRINAGAR to RATNIPORA,20.704,False,False,False
R0456,SRINAGAR to RATSUN,20.947,False,False,False
R0457,SRINAGAR to KHAG,27.983,False,False,False
R0458,SRINAGAR to KARHAMA,27.847,False,False,False
R0459,SRINAGAR to CHEWDARA,20.509,False,False,False
R0460,SRINAGAR to BADRUN,25.424,False,False,False
R0461,SRINAGAR to TANGMARG,36.678,False,False,False
R0462,SRINAGAR to KHOOR,84.735,False,False,False
R0463,SRINAGAR to HANDWARA,61.203,False,False,False
R0464,SRINAGAR to SHEIKHPORA KAKUTHAL,11.532,False,False,False
R0465,SRINAGAR to TREHGAM KUP,77.111,False,False,False
R0466,SRINAGAR to CHOWKIBAL,76.687,False,False,False
R0467,SRINAGAR to MILYAAL,11.532,False,False,False
R0468,SRINAGAR to ZURHAMA,11.532,False,False,False
R0469,SRINAGAR to TARTHPORA,11.532,False,False,False
R0470,SRINAGAR to GAZRIYAL,11.532,False,False,False
R0471,SRINAGAR to HAJIN,29.975,False,False,False
R0472,SRINAGAR to SAFAPORA SUMBAL,24.64,False,False,False
R0473,SRINAGAR to SAFAPORA GBL,24.799,False,False,False
R0474,SRINAGAR to NARWARA BUDGAM,18.527,False,False,False
R0475,SRINAGAR to CHARISHREEF,24.11,False,False,False
R0476,SRINAGAR to PAKHERPORA,29.326,False,False,False
R0477,SRINAGAR to TRAL DADSUR,11.532,False,False,False
R0478,SRINAGAR to PASTHOON,25.258,False,False,False
R0479,SRINAGAR to NARISTAN,11.532,False,False,False
R0480,SRINAGAR to PINGLISH,33.884,False,False,False
R0481,SRINAGAR to TRAL NOWDAL,31.03,False,False,False
R0482,SRINAGAR to QAZIGUND,62.398,False,False,False
R0483,SRINAGAR to MIRPORA BUDGAM,18.772,False,False,False
R0484,SRINAGAR to VIJIPOPRA,29.939,False,False,False
R0485,SRINAGAR to KUPWARA DAY,2.346,False,False,False
R0486,SRINAGAR to URI BARAMULLA,58.947,False,False,False
R0487,SRINAGAR to TANGDAR,11.532,False,False,False
R0488,SRINAGAR to ZACHALDAR,11.532,False,False,False
R0489,BANDIPORA to SRINAGAR,42.299,False,False,False
R0490,BANDIPORA to SRINAGAR,42.299,False,False,False
R0491,BANDIPORA to SRINAGAR,42.299,False,False,False
R0492,BANDIPORA to SOURA,35.217,False,False,False
R0493,BANKOOT to SRINAGAR via BANDIPORA,41.507,False,False,False
R0494,ARIN to SRINAGAR,41.507,False,False,False
R0495,MALANGAM to SRINAGAR,2.346,False,False,False
R0496,BANDIPORA to BARAMULLA,35.925,False,False,False
R0497,SOPORE to SRINAGAR,40.501,False,False,False
R0498,SOPORE to SRINAGAR,40.501,False,False,False
R0499,ZALOORA to SRINAGAR,53.205,False,False,False
R0500,BOTINGUE to SRINAGAR,44.998,False,False,False
R0501,BARAMULLA to SRINAGAR,46.352,False,False,False
R0502,URI to SRINAGAR,58.947,False,False,False
R0503,KAMALKOTE to BARAMULLA,44.012,False,False,False
R0504,GARKOTE to BARAMULLA,44.012,False,False,False
R0505,NAMBIA to BARAMULLA,44.012,False,False,False
R0506,FATHGATH to SRINAGAR,44.189,False,False,False
R0507,PEHILPORA to URI via BARAMULLA,56.687,False,False,False
R0508,KACHOO to BARAMULLA,2.229,False,False,False
R0509,MAIDANAN to SRINAGAR,2.346,False,False,False
R0510,IJARA to SRINAGAR,2.346,False,False,False
R0511,BARAMULA to KUPWRA,44.012,False,False,False
R0512,KUPWARA to SRINAGAR,80.067,False,False,False
R0513,SOGAM to SRINAGAR,62.14,False,False,False
R0514,SRINAGAR to KUPWARA,80.067,False,False,False
R0515,KUPWARA to SRINAGAR,80.067,False,False,False
R0516,SRINAGAR to KAPWARA,72.219,False,False,False
R0517,SHOPIAN to SRINAGAR,39.596,False,False,False
R0518,SEDOW to SRINAGAR,45.763,False,False,False
R0519,HARMAN to SRINAGAR,2.346,False,False,False
R0520,KAPRIN to SRINAGAR,45.749,False,False,False
R0521,NEHAMA to SRINAGAR,49.43,False,False,False
R0522,KHULL AHMADABAD to SRINAGAR,2.346,False,False,False
R0523,DHPORA to SRINAGAR,2.346,False,False,False
R0524,PARIWAN to SRINAGAR,46.774,False,False,False
R0525,KULGAM to SRINAGAR,51.209,False,False,False
R0526,KATROSOO to SRINAGAR,46.058,False,False,False
R0527,YARIPORA to SRINAGAR,43.167,False,False,False
R0528,PULWAMA to SRINAGAR,23.326,False,False,False
R0529,PULWAMA to SRINAGAR,23.326,False,False,False
R0530,KOIL to SRINAGAR,25.16,False,False,False
R0531,WASOORA to SRINAGAR,30.998,False,False,False
R0532,SRINAGAR to LETTAR,23.468,False,False,False
R0533,LETTER to SRINAGAR,23.468,False,False,False
R0534,HEFF to SRINAGAR,34.078,False,False,False
R0535,SRINAGAR to KELLER,35.001,False,False,False
R0536,KELLER to SRINAGAR,35.001,False,False,False
R0537,KELLER to SRINAGAR,35.001,False,False,False
R0538,ACHGUZE to SRINAGAR,23.468,False,False,False
R0539,SANGERWANI to SRINAGAR,31.983,False,False,False
R0540,PAKHERPORA to SRINAGAR,29.326,False,False,False
R0541,ANANTNAGH to SRINAGAR,49.698,False,False,False
R0542,ANANTNAGH to SRINAGAR,49.698,False,False,False
R0543,ANANTNAGH to SRINAGAR,49.698,False,False,False
R0544,ANANTNAGH to SRINAGAR,49.698,False,False,False
R0545,ANANTNAGH to SRINAGAR,49.698,False,False,False
R0546,ANANTNAGH to SRINAGAR,49.698,False,False,False
R0547,ANANTNAGH to SRINAGAR,49.698,False,False,False
R0548,ANANTNAGH to SRINAGAR,49.698,False,False,False
R0549,ANANTNAGH to SRINAGAR,49.698,False,False,False
R0550,ANANTNAGH to SRINAGAR,49.698,False,False,False
R0551,PHALGAM to ANANTNAGH,3.899,False,False,False
R0552,MAWAN to SRINAGAR,48.82,False,False,False
R0553,DEVSUR to SRINAGAR,54.526,False,False,False
R0554,LAMMER to ANANTNAGH,3.899,False,False,False
R0555,KAPRUN to SRINAGAR,48.82,False,False,False
R0556,CHOWGUND to SRINAGAR,48.82,False,False,False
R0557,SHANGUS to SRINAGAR,61.19,False,False,False
R0558,UTTERSOO to SRINAGAR,60.349,False,False,False
R0559,VAILO to SRINAGAR,2.346,False,False,False
R0560,CHAKIL PORA to SRINAGAR,48.82,False,False,False
R0561,HAFTNAR to ANANTNAGH,51.847,False,False,False
R0562,KHERUM to ANANTNAGH,3.899,False,False,False
R0563,MATIGAWRAN to ANANTNAG,3.899,False,False,False
R0564,ANANTNAGH to SHOPIAN,32.703,False,False,False
R0565,SRINAGAR to NEW KHANDA,18.62,False,False,False
R0566,SRINAGAR to BY PASS,2.346,False,False,False
R0567,SRINAGAR to KHREW,17.593,False,False,False
R0568,SRINAGAR to KHREW,17.593,False,False,False
R0569,SRINAGAR to RAILWAY,5.469,False,False,False
R0570,SRINAGAR to BYPASS,5.773,False,False,False
R0571,SRINAGAR to GULABAGH,11.725,False,False,False
R0572,SRINAGAR to BYPASS,5.773,False,False,False
R0573,SRINAGAR to RATNIPURA,21.134,False,False,False
R0574,SRINAGAR to BYPASS,5.773,False,False,False
R0575,SRINAGAR to BUCHPORA,8.614,False,False,False
R0576,SRINAGAR to PAMPORE,11.097,False,False,False
R0577,SRINAGAR to BUDGAM,18.136,False,False,False
R0578,SRINAGAR to PAMPORE,11.097,False,False,False
R0579,SRINAGAR to GUND,32.022,False,False,False
R0580,SRINAGAR to CHADOORA,14.706,False,False,False
R0581,SRINAGAR to RAILWAY,5.469,False,False,False
R0582,SRINAGAR to PAMPORE,11.097,False,False,False
R0583,SRINAGAR to BUGAM,46.825,False,False,False
R0584,SRINAGAR to CHADOORA,14.706,False,False,False
R0585,SRINAGAR to PAMPORE,11.097,False,False,False
R0586,SRINAGAR to BYPASS,5.773,False,False,False
R0587,SRINAGAR to RASOO,3.548,False,False,False
R0588,SRINAGAR to PAMPORE,11.097,False,False,False
R0589,SRINAGAR to HARWAN,12.189,False,False,False
R0590,SRINAGAR to HARWAN,12.189,False,False,False
R0591,SRINAGAR to PAMPORE,11.097,False,False,False
R0592,SRINAGAR to NEW KHANDA,18.62,False,False,False
R0593,SRINAGAR to KHREW,17.593,False,False,False
R0594,SRINAGAR to PAMPORE,11.097,False,False,False
R0595,SRINAGAR to PAMPORE,11.097,False,False,False
R0596,SRINAGAR to GULABAGH,11.725,False,False,False
R0597,SRINAGAR to BYPASS,5.773,False,False,False
R0598,SRINAGAR to RATNIPURA,21.134,False,False,False
R0599,SRINAGAR to PAMPORE,11.097,False,False,False
R0600,SRINAGAR to GANDERBAL,13.92,False,False,False
R0601,SRINAGAR to PAMPORE,11.097,False,False,False
R0602,SRINAGAR to BUDGAM,18.136,False,False,False
R0603,SRINAGAR to BYPASS,5.773,False,False,False
R0604,SRINAGAR to GUND,32.022,False,False,False
R0605,SRINAGAR to RAILWAY,5.469,False,False,False
R0606,SRINAGAR to PAMPORE,11.097,False,False,False
R0607,SRINAGAR to CHADOORA,14.706,False,False,False
R0608,SRINAGAR to BUGAM,46.825,False,False,False
R0609,SRINAGAR to PAMPORE,11.097,False,False,False
R0610,SRINAGAR to PAMPORE,11.097,False,False,False
R0611,SRINAGAR to PAMPORE,11.097,False,False,False
R0612,SRINAGAR to RASOO,3.548,False,False,False
R0613,SRINAGAR to HARWAN,12.189,False,False,False
R0614,TRC SRINAGAR to AIRPORT,10.126,False,False,False
