Route_ID,Route_Name,Disposition,Reason
R0001,Soura to LD,KEPT,RETAINED_AS_FEEDER
R0002,Parimpora to Budgam,KEPT,RETAINED_AS_FEEDER
R0003,Parimpora to Budgam,KEPT,MERGED_INTO_TRUNK
R0004,Parimpora to Budgam,KEPT,MERGED_INTO_TRUNK
R0005,Parimpora to Budgam,KEPT,MERGED_INTO_TRUNK
R0006,Parimpora to Hazratbal,KEPT,RETAINED_AS_FEEDER
R0007,Parimpora to Chadora,KEPT,RETAINED_AS_FEEDER
R0008,Lawaypora to Jehangir Chowk,KEPT,RETAINED_AS_FEEDER
R0009,Parimpora to Chadora,KEPT,MERGED_INTO_TRUNK
R0010,Lalbazar to LD,KEPT,RETAINED_AS_FEEDER
R0011,Soura to Gadoora,KEPT,RETAINED_AS_FEEDER
R0012,Soura to Ganderbal,KEPT,RETAINED_AS_FEEDER
R0013,Soura to Ganderbal,KEPT,MERGED_INTO_TRUNK
R0014,Lalbazar to Lalchowk,KEPT,RETAINED_AS_FEEDER
R0015,Jehangir Chowk to Soura,KEPT,RETAINED_AS_FEEDER
R0016,Soura to LD,KEPT,MERGED_INTO_TRUNK
R0017,Soura to LD,KEPT,MERGED_INTO_TRUNK
R0018,Soura to Hazratbal,KEPT,UPGRADED_TO_TRUNK
R0019,TRC to Hazratbal,KEPT,RETAINED_AS_FEEDER
R0020,Hazratbal to LD,KEPT,RETAINED_AS_FEEDER
R0021,Soura to Railway Station,KEPT,RETAINED_AS_FEEDER
R0022,Soura to LD,KEPT,MERGED_INTO_TRUNK
R0023,Malbagh to LD,KEPT,RETAINED_AS_FEEDER
R0024,Jehangir Chowk to JVC,KEPT,RETAINED_AS_FEEDER
R0025,Jehangir Chowk to JVC,KEPT,MERGED_INTO_TRUNK
R0026,Soura to Parimpora,KEPT,RETAINED_AS_FEEDER
R0027,Soura to Hazratbal,KEPT,MERGED_INTO_TRUNK
R0028,Soura to LD,KEPT,MERGED_INTO_TRUNK
R0029,Jehangir Chowk to JVC,KEPT,MERGED_INTO_TRUNK
R0030,Jehangir Chowk to JVC,KEPT,MERGED_INTO_TRUNK
R0031,Jehangir Chowk to Budgam,KEPT,RETAINED_AS_FEEDER
R0032,Parimpora to Saidakadal,KEPT,RETAINED_AS_FEEDER
R0033,Jehangir Chowk to JVC,KEPT,MERGED_INTO_TRUNK
R0034,Sora to Parimpora,KEPT,MERGED_INTO_TRUNK
R0035,Jehangir Chowk to HMT,KEPT,RETAINED_AS_FEEDER
R0036,Parimpora to Pantha Chowk,KEPT,RETAINED_AS_FEEDER
R0037,Soura to LD,KEPT,MERGED_INTO_TRUNK
R0038,Parimpora to Chadora,KEPT,MERGED_INTO_TRUNK
R0039,Soura to LD,KEPT,MERGED_INTO_TRUNK
R0040,Soura to Railway Station,KEPT,MERGED_INTO_TRUNK
R0041,Soura to Hazratbal,KEPT,MERGED_INTO_TRUNK
R0042,Sora to LD,KEPT,MERGED_INTO_TRUNK
R0043,Baghat Shora to Lalchowk,KEPT,RETAINED_AS_FEEDER
R0044,Jehangir Chowk to JVC,KEPT,MERGED_INTO_TRUNK
R0045,Parimpora to Rawalpora,KEPT,RETAINED_AS_FEEDER
R0046,Parimpora to Rawalpora,KEPT,MERGED_INTO_TRUNK
R0047,Parimpora to Rawalpora,KEPT,MERGED_INTO_TRUNK
R0048,Soura to LD,KEPT,MERGED_INTO_TRUNK
R0049,Lalbazar to Qamarwari,KEPT,RETAINED_AS_FEEDER
R0050,Safakadal to SMHS,KEPT,RETAINED_AS_FEEDER
R0051,Narbal to Jehangir Chowk,KEPT,UPGRADED_TO_TRUNK
R0052,Soura to SMHS,KEPT,RETAINED_AS_FEEDER
R0053,Soura to SMHS,KEPT,MERGED_INTO_TRUNK
R0054,Soura to Parimpora,KEPT,MERGED_INTO_TRUNK
R0055,Parimpora to Saidakadal,KEPT,MERGED_INTO_TRUNK
R0056,Soura to Qamarwari,KEPT,RETAINED_AS_FEEDER
R0057,Soura to SMHS,KEPT,MERGED_INTO_TRUNK
R0058,Safakadal to Jehangir Chowk,KEPT,RETAINED_AS_FEEDER
R0059,Safakadal to Jehangir Chowk,KEPT,MERGED_INTO_TRUNK
R0060,Qamarwari to Pathachowk,KEPT,RETAINED_AS_FEEDER
R0061,Safakadal to Jehangir Chowk,KEPT,MERGED_INTO_TRUNK
R0062,Soura to LD,KEPT,MERGED_INTO_TRUNK
R0063,Safakadal to Jehangir Chowk,KEPT,MERGED_INTO_TRUNK
R0064,Lalbazar to LD,KEPT,MERGED_INTO_TRUNK
R0065,Qamarwari to Dalgate,KEPT,RETAINED_AS_FEEDER
R0066,Hazratbal to LD,KEPT,MERGED_INTO_TRUNK
R0067,Hazratbal to LD,KEPT,MERGED_INTO_TRUNK
R0068,Qamarwari to Dalgate,KEPT,MERGED_INTO_TRUNK
R0069,Safakadal to SMHS,KEPT,MERGED_INTO_TRUNK
R0070,Saidakadal to Parimpora,KEPT,RETAINED_AS_FEEDER
R0071,Safakadal to SMHS,KEPT,MERGED_INTO_TRUNK
R0072,Safakadal to SMHS,KEPT,MERGED_INTO_TRUNK
R0073,Safakadal to SMHS,KEPT,MERGED_INTO_TRUNK
R0074,Lalbazar to Parimpora,KEPT,RETAINED_AS_FEEDER
R0075,Parimpora to Rawalpora,KEPT,MERGED_INTO_TRUNK
R0076,Parimpora to Hazratbal,KEPT,MERGED_INTO_TRUNK
R0077,Jehangir Chowk to HMT,KEPT,MERGED_INTO_TRUNK
R0078,Lalbazar to Parimpora,KEPT,MERGED_INTO_TRUNK
R0079,Lalbazar to Parimpora,KEPT,MERGED_INTO_TRUNK
R0080,Lalbazar to Parimpora,KEPT,MERGED_INTO_TRUNK
R0081,Parimpora to Chadora,KEPT,MERGED_INTO_TRUNK
R0082,Lalbazar to Parimpora,KEPT,MERGED_INTO_TRUNK
R0083,Lalbazar to Parimpora,KEPT,MERGED_INTO_TRUNK
R0084,Qamarwari to Hazratbal,KEPT,RETAINED_AS_FEEDER
R0085,Soura to Jehangir Chowk,KEPT,RETAINED_AS_FEEDER
R0086,Lalbazar to Parimpora,KEPT,MERGED_INTO_TRUNK
R0087,HMT to Jehangir Chowk,KEPT,RETAINED_AS_FEEDER
R0088,Lalbazar to Parimpora,KEPT,MERGED_INTO_TRUNK
R0089,Parimpora to Rangrath,KEPT,RETAINED_AS_FEEDER
R0090,Saidakadal to Bypass,KEPT,RETAINED_AS_FEEDER
R0091,Saidakadal to Bypass,KEPT,MERGED_INTO_TRUNK
R0092,HMT to Jehangir Chowk,KEPT,MERGED_INTO_TRUNK
R0093,Jehangir Chowk to HMT,KEPT,MERGED_INTO_TRUNK
R0094,Jehangir Chowk to HMT,KEPT,MERGED_INTO_TRUNK
R0095,Parimpora to Rangrath,KEPT,MERGED_INTO_TRUNK
R0096,Parimpora to Rangrath,KEPT,MERGED_INTO_TRUNK
R0097,Safakadal to Jehangir Chowk,KEPT,MERGED_INTO_TRUNK
R0098,Safakadal to Jehangir Chowk,KEPT,MERGED_INTO_TRUNK
R0099,Jehangir Chowk to HMT,KEPT,MERGED_INTO_TRUNK
R0100,Jehangir Chowk to Panzinara,KEPT,RETAINED_AS_FEEDER
R0101,Safakadal to Jehangir Chowk,KEPT,MERGED_INTO_TRUNK
R0102,Safakadal to Jehangir Chowk,KEPT,MERGED_INTO_TRUNK
R0103,Batamallo to Pantha Chowk,KEPT,UPGRADED_TO_TRUNK
R0104,Safakadal to Jehangir Chowk,KEPT,MERGED_INTO_TRUNK
R0105,Safakadal to Jehangir Chowk,KEPT,MERGED_INTO_TRUNK
R0106,Parimpora to Rangrath,KEPT,MERGED_INTO_TRUNK
R0107,Parimpora to Rawalpora,KEPT,MERGED_INTO_TRUNK
R0108,Batamallo to Pantha Chowk,KEPT,MERGED_INTO_TRUNK
R0109,Jehangir Chowk to JVC,KEPT,MERGED_INTO_TRUNK
R0110,Batamallo to Pantha Chowk,KEPT,MERGED_INTO_TRUNK
R0111,Parimpora to Rangrath,KEPT,MERGED_INTO_TRUNK
R0112,Batamallo to Pantha Chowk,KEPT,MERGED_INTO_TRUNK
R0113,Jehangir Chowk to HMT,KEPT,MERGED_INTO_TRUNK
R0114,Batamallo to Pantha Chowk,KEPT,MERGED_INTO_TRUNK
R0115,Batamallo to Pantha Chowk,KEPT,MERGED_INTO_TRUNK
R0116,Jehangir Chowk to Budgam,KEPT,MERGED_INTO_TRUNK
R0117,Lalbazar to Parimpora,KEPT,MERGED_INTO_TRUNK
R0118,Soura to Jehangir Chowk,KEPT,MERGED_INTO_TRUNK
R0119,Parimpora to Panthachowk,KEPT,MERGED_INTO_TRUNK
R0120,Parimpora to Panthachowk,KEPT,MERGED_INTO_TRUNK
R0121,Soura to Jehangir Chowk,KEPT,MERGED_INTO_TRUNK
R0122,Parimpora to Panthachowk,KEPT,MERGED_INTO_TRUNK
R0123,Parimpora to Rangrath,KEPT,MERGED_INTO_TRUNK
R0124,Qamarwari to Jehangir Chowk,KEPT,RETAINED_AS_FEEDER
R0125,Narbal to Jehangir Chowk,KEPT,MERGED_INTO_TRUNK
R0126,Parimpora to Budgam,KEPT,MERGED_INTO_TRUNK
R0127,Qamarwari to Dalgate,KEPT,MERGED_INTO_TRUNK
R0128,Parimpora to Budgam,KEPT,MERGED_INTO_TRUNK
R0129,Parimpora to Panthachowk,KEPT,MERGED_INTO_TRUNK
R0130,Parimpora to Jehangir Chowk,KEPT,RETAINED_AS_FEEDER
R0131,Qamarwari to Dalgate,KEPT,MERGED_INTO_TRUNK
R0132,Batamallo to Panthachok,KEPT,MERGED_INTO_TRUNK
R0133,Soura to Jehangir Chowk,KEPT,MERGED_INTO_TRUNK
R0134,Lalbazar to LD,KEPT,MERGED_INTO_TRUNK
R0135,Lalbazar to LD,KEPT,MERGED_INTO_TRUNK
R0136,Lalbazar to LD,KEPT,MERGED_INTO_TRUNK
R0137,JVC to Batwara,KEPT,RETAINED_AS_FEEDER
R0138,Narbal to Jehangir Chowk,KEPT,MERGED_INTO_TRUNK
R0139,Qamarwari to Dalgate,KEPT,MERGED_INTO_TRUNK
R0140,Batamallo to Panthachowk,KEPT,MERGED_INTO_TRUNK
R0141,Batamallo to Panthachowk,KEPT,MERGED_INTO_TRUNK
R0142,Batamallo to Panthachowk,KEPT,MERGED_INTO_TRUNK
R0143,Safakadal to Jehangir Chowk,KEPT,MERGED_INTO_TRUNK
R0144,Parimpora to Chadora,KEPT,MERGED_INTO_TRUNK
R0145,Parimpora to Rangrath,KEPT,MERGED_INTO_TRUNK
R0146,LD to Panthachowk,KEPT,RETAINED_AS_FEEDER
R0147,LD to Panthachowk,KEPT,MERGED_INTO_TRUNK
R0148,LD to Panthachowk,KEPT,MERGED_INTO_TRUNK
R0149,Hazratbal to Bone Joint Hospital Barzalla,KEPT,RETAINED_AS_FEEDER
R0150,Hazratbal to LD,KEPT,MERGED_INTO_TRUNK
R0151,Hazratbal to LD,KEPT,MERGED_INTO_TRUNK
R0152,Batamallo to Panthachowk,KEPT,MERGED_INTO_TRUNK
R0153,Batamallo to Panthachowk,KEPT,MERGED_INTO_TRUNK
R0154,Parimpora to Chadora,KEPT,MERGED_INTO_TRUNK
R0155,Parimpora to Panthachowk,KEPT,MERGED_INTO_TRUNK
R0156,Panthachowk to LD,KEPT,RETAINED_AS_FEEDER
R0157,Panthachowk to LD,KEPT,MERGED_INTO_TRUNK
R0158,GBS to LAL Chowk,KEPT,RETAINED_AS_FEEDER
R0159,Parimpora to Panthachowk,KEPT,MERGED_INTO_TRUNK
R0160,Parimpora to Jawahairnagar,KEPT,RETAINED_AS_FEEDER
R0161,Qamarwari to Dalgate,KEPT,MERGED_INTO_TRUNK
R0162,Parimpora to Jawahairnagar,KEPT,MERGED_INTO_TRUNK
R0163,Qamarwari to Baghi Mehtab,KEPT,RETAINED_AS_FEEDER
R0164,Lalbazar to LD,KEPT,MERGED_INTO_TRUNK
R0165,Lalbazar to LD,KEPT,MERGED_INTO_TRUNK
R0166,Lalbazar to LD,KEPT,MERGED_INTO_TRUNK
R0167,Hazratbal to LD,KEPT,MERGED_INTO_TRUNK
R0168,Jehangir Chowk to Bemina,KEPT,RETAINED_AS_FEEDER
R0169,Hazratbal to LD,KEPT,MERGED_INTO_TRUNK
R0170,Parimpora to Jawahirnagar,KEPT,MERGED_INTO_TRUNK
R0171,Hazratbal to LD,KEPT,MERGED_INTO_TRUNK
R0172,Hazratbal to LD,KEPT,MERGED_INTO_TRUNK
R0173,Hazratbal to LD,KEPT,MERGED_INTO_TRUNK
R0174,Parimpora to Jawahirnagar,KEPT,MERGED_INTO_TRUNK
R0175,Jehangir Chowk to Bemina,KEPT,MERGED_INTO_TRUNK
R0176,Batamallo to Panthachowk,KEPT,MERGED_INTO_TRUNK
R0177,Safakadal to Jehangir Chowk,KEPT,MERGED_INTO_TRUNK
R0178,Batamallo to Panthachowk,KEPT,MERGED_INTO_TRUNK
R0179,Parimpora to Jawahirnagar,KEPT,MERGED_INTO_TRUNK
R0180,Parimpora to Panthachowk,KEPT,MERGED_INTO_TRUNK
R0181,Hazratbal to LD,KEPT,MERGED_INTO_TRUNK
R0182,Hazratbal to LD,KEPT,MERGED_INTO_TRUNK
R0183,Batamallo to Panthachowk,KEPT,MERGED_INTO_TRUNK
R0184,Hazratbal to LD,KEPT,MERGED_INTO_TRUNK
R0185,Jehangir Chowk to HMT,KEPT,MERGED_INTO_TRUNK
R0186,Qamarwari to Dalgate,KEPT,MERGED_INTO_TRUNK
R0187,Lalbazar to Lalchowk,KEPT,MERGED_INTO_TRUNK
R0188,Soura to Parimpora,KEPT,MERGED_INTO_TRUNK
R0189,Parimpora to Panthachowk,KEPT,MERGED_INTO_TRUNK
R0190,Hazratbal to LD,KEPT,MERGED_INTO_TRUNK
R0191,Chanapora to Soura,KEPT,RETAINED_AS_FEEDER
R0192,Parimpora to Humhama,KEPT,RETAINED_AS_FEEDER
R0193,Batamallo to Panthachowk,KEPT,MERGED_INTO_TRUNK
R0194,Parimpora to Panthachowk,KEPT,MERGED_INTO_TRUNK
R0195,Safakadal to Jehangir Chowk,KEPT,MERGED_INTO_TRUNK
R0196,Soura to Ganderbal,KEPT,MERGED_INTO_TRUNK
R0197,Jehangir Chowk to Budgam,KEPT,MERGED_INTO_TRUNK
R0198,Jehangir Chowk to HMT,KEPT,MERGED_INTO_TRUNK
R0199,Jehangir Chowk to Budgam,KEPT,MERGED_INTO_TRUNK
R0200,Soura to Jehangir Chowk,KEPT,MERGED_INTO_TRUNK
R0201,Hazratbal to LD,KEPT,MERGED_INTO_TRUNK
R0202,Parimpora to Panthachowk,KEPT,MERGED_INTO_TRUNK
R0203,Hazratbal to LD,KEPT,MERGED_INTO_TRUNK
R0204,LD to Pampore,KEPT,RETAINED_AS_FEEDER
R0205,Batmaloo to Dalgate,KEPT,RETAINED_AS_FEEDER
R0206,Parimpora to Panthachowk,KEPT,MERGED_INTO_TRUNK
R0207,Lalbazar to Lalchowk,KEPT,MERGED_INTO_TRUNK
R0208,Safakadal to Jehangir Chowk,KEPT,MERGED_INTO_TRUNK
R0209,Jehangir Chowk to Budgam,KEPT,MERGED_INTO_TRUNK
R0210,Parimpora to Panthachowk,KEPT,MERGED_INTO_TRUNK
R0211,Safakadal to Jehangir Chowk,KEPT,MERGED_INTO_TRUNK
R0212,Hazratbal to LD,KEPT,MERGED_INTO_TRUNK
R0213,HMT to Jehangir Chowk,KEPT,MERGED_INTO_TRUNK
R0214,Narbal to Jehangir Chowk,KEPT,MERGED_INTO_TRUNK
R0215,"Hazratbal, Lalbazar",KEPT,RETAINED_AS_FEEDER
R0216,Hazratbal to LD,KEPT,MERGED_INTO_TRUNK
R0217,Hazratbal to LD,KEPT,MERGED_INTO_TRUNK
R0218,Batamallo to Panthachowk,KEPT,MERGED_INTO_TRUNK
R0219,Jehangir Chowk to JVC,KEPT,MERGED_INTO_TRUNK
R0220,Jehangir Chowk to Bemina,KEPT,MERGED_INTO_TRUNK
R0221,Hazratbal to LD,KEPT,MERGED_INTO_TRUNK
R0222,LD to Pampore,KEPT,MERGED_INTO_TRUNK
R0223,Hazratbal to LD,KEPT,MERGED_INTO_TRUNK
R0224,Parimpora to Jawahirnagar,KEPT,MERGED_INTO_TRUNK
R0225,Hazratbal to LD,KEPT,MERGED_INTO_TRUNK
R0226,Jehangir Chowk to Bemina,KEPT,MERGED_INTO_TRUNK
R0227,Parimpora to Panthachowk,KEPT,MERGED_INTO_TRUNK
R0228,Hazratbal to LD,KEPT,MERGED_INTO_TRUNK
R0229,Soura to Hazratbal,KEPT,MERGED_INTO_TRUNK
R0230,Parimpora to Hazratbal,KEPT,MERGED_INTO_TRUNK
R0231,Parimpora to Humhama,KEPT,MERGED_INTO_TRUNK
R0232,Parimpora to Humhama,KEPT,MERGED_INTO_TRUNK
R0233,Parimpora to Humhama,KEPT,MERGED_INTO_TRUNK
R0234,LD to Parimpora,KEPT,RETAINED_AS_FEEDER
R0235,Parimpora to Humhama,KEPT,MERGED_INTO_TRUNK
R0236,Jehangir Chowk to Bemina,KEPT,MERGED_INTO_TRUNK
R0237,Parimpora to Hazratbal,KEPT,MERGED_INTO_TRUNK
R0238,Soura to Dalgate,KEPT,RETAINED_AS_FEEDER
R0239,Soura to Jehangir Chowk,KEPT,MERGED_INTO_TRUNK
R0240,Jehangir Chowk to HMT,KEPT,MERGED_INTO_TRUNK
R0241,Hazratbal to LD,KEPT,MERGED_INTO_TRUNK
R0242,Hazratbal to LD,KEPT,MERGED_INTO_TRUNK
R0243,Parimpora to Humhama,KEPT,MERGED_INTO_TRUNK
R0244,Parimpora to Panthachowk,KEPT,MERGED_INTO_TRUNK
R0245,Soura to Jehangir Chowk,KEPT,MERGED_INTO_TRUNK
R0246,Jehangir Chowk to Bemina,KEPT,MERGED_INTO_TRUNK
R0247,Soura to Chuntwaliwar,KEPT,UPGRADED_TO_TRUNK
R0248,Jehangir Chowk to HMT,KEPT,MERGED_INTO_TRUNK
R0249,Jehangir Chowk to JVC,KEPT,MERGED_INTO_TRUNK
R0250,HMT to Jehangir Chowk,KEPT,MERGED_INTO_TRUNK
R0251,Soura to Batamallo,KEPT,UPGRADED_TO_TRUNK
R0252,Parimpora to Humhama,KEPT,MERGED_INTO_TRUNK
R0253,Jehangir Chowk to Bemina,KEPT,MERGED_INTO_TRUNK
R0254,Soura to Parimpora,KEPT,MERGED_INTO_TRUNK
R0255,Rangpora to Soura,KEPT,RETAINED_AS_FEEDER
R0256,Parimpora to Humhama,KEPT,MERGED_INTO_TRUNK
R0257,Parimpora to Panthachowk,KEPT,MERGED_INTO_TRUNK
R0258,Rangpora to Soura,KEPT,MERGED_INTO_TRUNK
R0259,LD to Parimpora,KEPT,MERGED_INTO_TRUNK
R0260,Hazratbal to LD,KEPT,MERGED_INTO_TRUNK
R0261,Hazratbal to LD,KEPT,MERGED_INTO_TRUNK
R0262,Jehangir Chowk to Panzinara,KEPT,MERGED_INTO_TRUNK
R0263,LD to Budgam,KEPT,RETAINED_AS_FEEDER
R0264,Batamallo to Panthachowk,KEPT,MERGED_INTO_TRUNK
R0265,Hazratbal to LD,KEPT,MERGED_INTO_TRUNK
R0266,Parimpora to Panthachowk,KEPT,MERGED_INTO_TRUNK
R0267,Jehangir Chowk to Budgam,KEPT,MERGED_INTO_TRUNK
R0268,Narbal to Jehangir Chowk,KEPT,MERGED_INTO_TRUNK
R0269,Jehangir Chowk to Budgam,KEPT,MERGED_INTO_TRUNK
R0270,LD to Budgam,KEPT,MERGED_INTO_TRUNK
R0271,Rangpora to Soura,KEPT,MERGED_INTO_TRUNK
R0272,Jehangir Chowk to HMT,KEPT,MERGED_INTO_TRUNK
R0273,LD to Pampore,KEPT,MERGED_INTO_TRUNK
R0274,Parimpora to Pampore,KEPT,RETAINED_AS_FEEDER
R0275,LD to Budgam,KEPT,MERGED_INTO_TRUNK
R0276,Soura to Jehangir Chowk,KEPT,MERGED_INTO_TRUNK
R0277,Hazratbal to LD,KEPT,MERGED_INTO_TRUNK
R0278,Lalbazar to Lalchowk,KEPT,MERGED_INTO_TRUNK
R0279,LD to Budgam,KEPT,MERGED_INTO_TRUNK
R0280,Parimpora to Panthachowk,KEPT,MERGED_INTO_TRUNK
R0281,Rangpora to Dalgate,KEPT,RETAINED_AS_FEEDER
R0282,Jehangir Chowk to Bemina,KEPT,MERGED_INTO_TRUNK
R0283,LD to Parimpora,KEPT,MERGED_INTO_TRUNK
R0284,Parimpora to Panthachowk,KEPT,MERGED_INTO_TRUNK
R0285,Soura to Jehangir Chowk,KEPT,MERGED_INTO_TRUNK
R0286,Batamaalo to Panthachowk,KEPT,MERGED_INTO_TRUNK
R0287,LD to Pampore,KEPT,MERGED_INTO_TRUNK
R0288,Lalbazar to Lalchowk,KEPT,MERGED_INTO_TRUNK
R0289,Jehangir Chowk to Bemina,KEPT,MERGED_INTO_TRUNK
R0290,Batamallo to Panthachowk,KEPT,MERGED_INTO_TRUNK
R0291,LD to Pampore,KEPT,MERGED_INTO_TRUNK
R0292,Batamallo to Panthachowk,KEPT,MERGED_INTO_TRUNK
R0293,Narbal to Jehangir Chowk,KEPT,MERGED_INTO_TRUNK
R0294,Soura to Jehangir Chowk,KEPT,MERGED_INTO_TRUNK
R0295,Soura to Jehangir Chowk,KEPT,MERGED_INTO_TRUNK
R0296,Hazratbal to LD,KEPT,MERGED_INTO_TRUNK
R0297,Narbal to Jehangir Chowk,KEPT,MERGED_INTO_TRUNK
R0298,LD to Pampore,KEPT,MERGED_INTO_TRUNK
R0299,Hazratbal to LD,KEPT,MERGED_INTO_TRUNK
R0300,Hazratbal to LD,KEPT,MERGED_INTO_TRUNK
R0301,Soura to Parimpora,KEPT,MERGED_INTO_TRUNK
R0302,Batamallo to Panthachowk,KEPT,MERGED_INTO_TRUNK
R0303,Parimpora to Panthachowk,KEPT,MERGED_INTO_TRUNK
R0304,LD to Pampore,KEPT,MERGED_INTO_TRUNK
R0305,Soura to Jehangir Chowk,KEPT,MERGED_INTO_TRUNK
R0306,Parimpora to Pathachowk,KEPT,MERGED_INTO_TRUNK
R0307,Parimpora to Budgam,KEPT,MERGED_INTO_TRUNK
R0308,Jehangir Chowk to Budgam,KEPT,MERGED_INTO_TRUNK
R0309,LD to Pampore,KEPT,MERGED_INTO_TRUNK
R0310,Batamallo to Panthachowk,KEPT,MERGED_INTO_TRUNK
R0311,Narbal to Jehangir Chowk,KEPT,MERGED_INTO_TRUNK
R0312,Parimpora to Budgam,KEPT,MERGED_INTO_TRUNK
R0313,Parimpora to Budgam,KEPT,MERGED_INTO_TRUNK
R0314,Parimpora to Panthachowk,KEPT,MERGED_INTO_TRUNK
R0315,Parimpora to Panthachowk,KEPT,MERGED_INTO_TRUNK
R0316,Hazratbal to LD,KEPT,MERGED_INTO_TRUNK
R0317,Lawaypora to Jehangir Chowk,KEPT,MERGED_INTO_TRUNK
R0318,Jehangir Chowk to Bemina,KEPT,MERGED_INTO_TRUNK
R0319,Rangpora to Lalchowk,KEPT,RETAINED_AS_FEEDER
R0320,Batamallo to Panthachowk,KEPT,MERGED_INTO_TRUNK
R0321,Rangpora to Lalchowk,KEPT,MERGED_INTO_TRUNK
R0322,Rangpora to Lalchowk,KEPT,MERGED_INTO_TRUNK
R0323,Batamallo to Panthachowk,KEPT,MERGED_INTO_TRUNK
R0324,Jehangir Chowk to Bemina,KEPT,MERGED_INTO_TRUNK
R0325,Parimpora to Panthachowk,KEPT,MERGED_INTO_TRUNK
R0326,Parimpora to Pathachowk,KEPT,MERGED_INTO_TRUNK
R0327,LD to Pampore,KEPT,MERGED_INTO_TRUNK
R0328,Parimpora to Pampore,KEPT,MERGED_INTO_TRUNK
R0329,Parimpora to Budgam,KEPT,MERGED_INTO_TRUNK
R0330,Parimpora to Pampore,KEPT,MERGED_INTO_TRUNK
R0331,LD to Pampore,KEPT,MERGED_INTO_TRUNK
R0332,Batamallo to Panthachowk,KEPT,MERGED_INTO_TRUNK
R0333,Soura to Jehangir Chowk,KEPT,MERGED_INTO_TRUNK
R0334,Parimpora to Pampore,KEPT,MERGED_INTO_TRUNK
R0335,Parimpora to Budgam,KEPT,MERGED_INTO_TRUNK
R0336,Parimpora to Budgam,KEPT,MERGED_INTO_TRUNK
R0337,Malbagh to LD,KEPT,MERGED_INTO_TRUNK
R0338,LD to Pampore,KEPT,MERGED_INTO_TRUNK
R0339,Hazratbal to LD,KEPT,MERGED_INTO_TRUNK
R0340,Jehangir Chowk to Bemina,KEPT,MERGED_INTO_TRUNK
R0341,Parimpora to Budgam,KEPT,MERGED_INTO_TRUNK
R0342,LD to Pampore,KEPT,MERGED_INTO_TRUNK
R0343,Jehangir Chowk to Budgam,KEPT,MERGED_INTO_TRUNK
R0344,Rangpora to Lalchowk,KEPT,MERGED_INTO_TRUNK
R0345,LD to Pampore,KEPT,MERGED_INTO_TRUNK
R0346,Rangpora to Lalchowk,KEPT,MERGED_INTO_TRUNK
R0347,Soura to Jehangir Chowk,KEPT,MERGED_INTO_TRUNK
R0348,LD to Pampore,KEPT,MERGED_INTO_TRUNK
R0349,Hazratbal to LD,KEPT,MERGED_INTO_TRUNK
R0350,Lalbazar to LD,KEPT,MERGED_INTO_TRUNK
R0351,Jehangir Chowk to Panzinara,KEPT,MERGED_INTO_TRUNK
R0352,Lalbazar to LD,KEPT,MERGED_INTO_TRUNK
R0353,LD to Pampore,KEPT,MERGED_INTO_TRUNK
R0354,Parimpora to Panthachowk,KEPT,MERGED_INTO_TRUNK
R0355,Hazratbal to LD,KEPT,MERGED_INTO_TRUNK
R0356,Hazratbal to LD,KEPT,MERGED_INTO_TRUNK
R0357,Parimpora to Pathachowk,KEPT,MERGED_INTO_TRUNK
R0358,Hazratbal to LD,KEPT,MERGED_INTO_TRUNK
R0359,Parimpora to Budgam,KEPT,MERGED_INTO_TRUNK
R0360,Hazratbal to LD,KEPT,MERGED_INTO_TRUNK
R0361,LD to Pampore,KEPT,MERGED_INTO_TRUNK
R0362,Soura to Railway Station,KEPT,MERGED_INTO_TRUNK
R0363,Soura to Jehangir Chowk,KEPT,MERGED_INTO_TRUNK
R0364,Soura to Jehangir Chowk,KEPT,MERGED_INTO_TRUNK
R0365,Saidakadal to Parimpora,KEPT,MERGED_INTO_TRUNK
R0366,Parimpora to Budgam,KEPT,MERGED_INTO_TRUNK
R0367,Narbal to Jehangir Chowk,KEPT,MERGED_INTO_TRUNK
R0368,Lalbazar to Lalchowk,KEPT,MERGED_INTO_TRUNK
R0369,Hazratbal to LD,KEPT,MERGED_INTO_TRUNK
R0370,Parimpora to Panthachowk,KEPT,MERGED_INTO_TRUNK
R0371,LD to Pampore,KEPT,MERGED_INTO_TRUNK
R0372,Soura to Jehangir Chowk,KEPT,MERGED_INTO_TRUNK
R0373,Qamarwari to Parimpora,KEPT,RETAINED_AS_FEEDER
R0374,Parimpora to Budgam,KEPT,MERGED_INTO_TRUNK
R0375,LD to Pampore,KEPT,MERGED_INTO_TRUNK
R0376,Parimpora to Budgam,KEPT,MERGED_INTO_TRUNK
R0377,LD to Parimpora,KEPT,MERGED_INTO_TRUNK
R0378,Soura to LD,KEPT,MERGED_INTO_TRUNK
R0379,LD to Pampore,KEPT,MERGED_INTO_TRUNK
R0380,Soura to Hazratbal,KEPT,MERGED_INTO_TRUNK
R0381,Soura to Hazratbal,KEPT,MERGED_INTO_TRUNK
R0382,Soura to Railway Station,KEPT,MERGED_INTO_TRUNK
R0383,Parimpora to Budgam,KEPT,MERGED_INTO_TRUNK
R0384,Qamarwari to Parimpora,KEPT,MERGED_INTO_TRUNK
R0385,Qamarwari to Parimpora,KEPT,MERGED_INTO_TRUNK
R0386,Soura to LD,KEPT,MERGED_INTO_TRUNK
R0387,Hazratbal to LD,KEPT,MERGED_INTO_TRUNK
R0388,Qamarwari to Parimpora,KEPT,MERGED_INTO_TRUNK
R0389,LD to Pampore,KEPT,MERGED_INTO_TRUNK
R0390,Qamarwari to Parimpora,KEPT,MERGED_INTO_TRUNK
R0391,Soura to LD,KEPT,MERGED_INTO_TRUNK
R0392,Soura to Hazratbal,KEPT,MERGED_INTO_TRUNK
R0393,Ma Road to Safakadal,KEPT,RETAINED_AS_FEEDER
R0394,Soura to LD,KEPT,MERGED_INTO_TRUNK
R0395,Parimpora to Panthachowk,KEPT,MERGED_INTO_TRUNK
R0396,Rangpora to LD,KEPT,RETAINED_AS_FEEDER
R0397,Soura to LD,KEPT,MERGED_INTO_TRUNK
R0398,Baghat Shora to Lalchowk,KEPT,MERGED_INTO_TRUNK
R0399,LD to Pampore,KEPT,MERGED_INTO_TRUNK
R0400,Parimpora to Budgam,KEPT,MERGED_INTO_TRUNK
R0401,Parimpora to Budgam,KEPT,MERGED_INTO_TRUNK
R0402,Chanapora to Soura,KEPT,MERGED_INTO_TRUNK
R0403,Soura to LD,KEPT,MERGED_INTO_TRUNK
R0404,Soura to LD,KEPT,MERGED_INTO_TRUNK
R0405,Soura to Jehangir Chowk,KEPT,MERGED_INTO_TRUNK
R0406,Soura to LD,KEPT,MERGED_INTO_TRUNK
R0407,Baghat Shora to Lalchowk,KEPT,MERGED_INTO_TRUNK
R0408,Soura to Lalchowk,KEPT,RETAINED_AS_FEEDER
R0409,Hazratbal to LD,KEPT,MERGED_INTO_TRUNK
R0410,Baghat Shora to Lalchowk,KEPT,MERGED_INTO_TRUNK
R0411,Soura to Lalchowk,KEPT,MERGED_INTO_TRUNK
R0412,Lawaypora to Jehangir Chowk,KEPT,MERGED_INTO_TRUNK
R0413,Soura to LD,KEPT,MERGED_INTO_TRUNK
R0414,Parimpora to Budgam,KEPT,MERGED_INTO_TRUNK
R0415,Parimpora to Budgam,KEPT,MERGED_INTO_TRUNK
R0416,Soura to Ganderbal,KEPT,MERGED_INTO_TRUNK
R0417,Soura to Ganderbal,KEPT,MERGED_INTO_TRUNK
R0418,Soura to Hazratbal,KEPT,MERGED_INTO_TRUNK
R0419,Parimpora to Budgam,KEPT,MERGED_INTO_TRUNK
R0420,Jehangir Chowk to HMT,KEPT,MERGED_INTO_TRUNK
R0421,Malbagh to LD,KEPT,MERGED_INTO_TRUNK
R0422,Jehangir Chowk to JVC,KEPT,MERGED_INTO_TRUNK
R0423,Ma Road to Parimpora,KEPT,RETAINED_AS_FEEDER
R0424,TRC to Hazratbal,KEPT,MERGED_INTO_TRUNK
R0425,TRC to Hazratbal,KEPT,MERGED_INTO_TRUNK
R0426,LD to Pampore,KEPT,MERGED_INTO_TRUNK
R0427,Soura to Hazratbal,KEPT,MERGED_INTO_TRUNK
R0428,Soura to Hazratbal,KEPT,MERGED_INTO_TRUNK
R0429,Soura to Hazratbal,KEPT,MERGED_INTO_TRUNK
R0430,Parimpora to Budgam,KEPT,MERGED_INTO_TRUNK
R0431,LD to Parimpora,KEPT,MERGED_INTO_TRUNK
R0432,Soura to LD,KEPT,MERGED_INTO_TRUNK
R0433,LD to Parimpora,KEPT,MERGED_INTO_TRUNK
R0434,Soura to LD,KEPT,MERGED_INTO_TRUNK
R0435,LD to Parimpora,KEPT,MERGED_INTO_TRUNK
R0436,Safakadal to Jehangir Chowk,KEPT,MERGED_INTO_TRUNK
R0437,Parimpora to Budgam,KEPT,MERGED_INTO_TRUNK
R0438,Jehangir Chowk to HMT,KEPT,MERGED_INTO_TRUNK
R0439,LD to Parimpora,KEPT,MERGED_INTO_TRUNK
R0440,Soura to LD,KEPT,MERGED_INTO_TRUNK
R0441,Jehangir Chowk to JVC,KEPT,MERGED_INTO_TRUNK
R0442,Soura to LD,KEPT,MERGED_INTO_TRUNK
R0443,Soura to LD,KEPT,MERGED_INTO_TRUNK
R0444,Parimpora to Jawahirnagar,KEPT,MERGED_INTO_TRUNK
R0445,Safakadal to Jehangir Chowk,KEPT,MERGED_INTO_TRUNK
R0446,Srinagar to Shanglipora,KEPT,RETAINED_AS_FEEDER
R0447,Srinagar to Isganderpora,KEPT,RETAINED_AS_FEEDER
R0448,Srinagar to Aboora,KEPT,RETAINED_AS_FEEDER
R0449,Srinagar to Arizal,KEPT,RETAINED_AS_FEEDER
R0450,Srinagar to Baderkote,KEPT,RETAINED_AS_FEEDER
R0451,Srinagar to Loolpora,KEPT,RETAINED_AS_FEEDER
R0452,Srinagar to Beeru,KEPT,MERGED_INTO_TRUNK
R0454,Srinagar to Gaguldara,KEPT,MERGED_INTO_TRUNK
R0455,Srinagar to Ratnipora,KEPT,RETAINED_AS_FEEDER
R0456,Srinagar to Ratsun,KEPT,RETAINED_AS_FEEDER
R0457,Srinagar to Khag,KEPT,RETAINED_AS_FEEDER
R0458,Srinagar to Karhama,KEPT,RETAINED_AS_FEEDER
R0459,Srinagar to Chewdara,KEPT,RETAINED_AS_FEEDER
R0460,Srinagar to Badrun,KEPT,RETAINED_AS_FEEDER
R0461,Srinagar to Tangmarg,KEPT,UPGRADED_TO_TRUNK
R0464,Srinagar to Sheikhpora Kakuthal,KEPT,MERGED_INTO_TRUNK
R0467,Srinagar to Milyaal,KEPT,MERGED_INTO_TRUNK
R0468,Srinagar to Zurhama,KEPT,MERGED_INTO_TRUNK
R0469,Srinagar to Tarthpora,KEPT,UPGRADED_TO_TRUNK
R0470,Srinagar to Gazriyal,KEPT,MERGED_INTO_TRUNK
R0471,Srinagar to Hajin,KEPT,RETAINED_AS_FEEDER
R0472,Srinagar to Safapora Sumbal,KEPT,RETAINED_AS_FEEDER
R0473,Srinagar to Safapora GBL,KEPT,RETAINED_AS_FEEDER
R0474,Srinagar to Narwara Budgam,KEPT,RETAINED_AS_FEEDER
R0475,Srinagar to Charishreef,KEPT,RETAINED_AS_FEEDER
R0476,Srinagar to Pakherpora,KEPT,RETAINED_AS_FEEDER
R0477,Srinagar to Tral Dadsur,KEPT,MERGED_INTO_TRUNK
R0478,Srinagar to Pasthoon,KEPT,UPGRADED_TO_TRUNK
R0479,Srinagar to Naristan,KEPT,MERGED_INTO_TRUNK
R0480,Srinagar to Pinglish,KEPT,RETAINED_AS_FEEDER
R0481,Srinagar to Tral Nowdal,KEPT,RETAINED_AS_FEEDER
R0482,Srinagar to Qazigund,KEPT,RETAINED_AS_FEEDER
R0483,Srinagar to Mirpora Budgam,KEPT,RETAINED_AS_FEEDER
R0484,Srinagar to Vijipopra,KEPT,RETAINED_AS_FEEDER
R0485,Srinagar to Kupwara DAY,KEPT,RETAINED_AS_FEEDER
R0487,Srinagar to Tangdar,KEPT,MERGED_INTO_TRUNK
R0488,Srinagar to Zachaldar,KEPT,MERGED_INTO_TRUNK
R0489,Bandipora to Srinagar,KEPT,RETAINED_AS_FEEDER
R0490,Bandipora to Srinagar,KEPT,MERGED_INTO_TRUNK
R0491,Bandipora to Srinagar,KEPT,MERGED_INTO_TRUNK
R0492,Bandipora to Soura,KEPT,RETAINED_AS_FEEDER
R0493,Bankoot to Srinagar via Bandipora,KEPT,UPGRADED_TO_TRUNK
R0494,Arin to Srinagar,KEPT,MERGED_INTO_TRUNK
R0495,Malangam to Srinagar,KEPT,RETAINED_AS_FEEDER
R0497,Sopore to Srinagar,KEPT,RETAINED_AS_FEEDER
R0498,Sopore to Srinagar,KEPT,MERGED_INTO_TRUNK
R0500,Botingue to Srinagar,KEPT,RETAINED_AS_FEEDER
R0509,Maidanan to Srinagar,KEPT,MERGED_INTO_TRUNK
R0510,Ijara to Srinagar,KEPT,MERGED_INTO_TRUNK
R0517,Shopian to Srinagar,KEPT,RETAINED_AS_FEEDER
R0518,Sedow to Srinagar,KEPT,RETAINED_AS_FEEDER
R0519,Harman to Srinagar,KEPT,MERGED_INTO_TRUNK
R0520,Kaprin to Srinagar,KEPT,RETAINED_AS_FEEDER
R0521,Nehama to Srinagar,KEPT,RETAINED_AS_FEEDER
R0522,Khull Ahmadabad to Srinagar,KEPT,MERGED_INTO_TRUNK
R0523,Dhpora to Srinagar,KEPT,MERGED_INTO_TRUNK
R0524,Pariwan to Srinagar,KEPT,RETAINED_AS_FEEDER
R0525,Kulgam to Srinagar,KEPT,RETAINED_AS_FEEDER
R0526,Katrosoo to Srinagar,KEPT,RETAINED_AS_FEEDER
R0527,Yaripora to Srinagar,KEPT,RETAINED_AS_FEEDER
R0528,Pulwama to Srinagar,KEPT,RETAINED_AS_FEEDER
R0529,Pulwama to Srinagar,KEPT,MERGED_INTO_TRUNK
R0530,Koil to Srinagar,KEPT,RETAINED_AS_FEEDER
R0531,Wasoora to Srinagar,KEPT,RETAINED_AS_FEEDER
R0532,Srinagar to Lettar,KEPT,RETAINED_AS_FEEDER
R0533,Letter to Srinagar,KEPT,RETAINED_AS_FEEDER
R0534,Heff to Srinagar,KEPT,RETAINED_AS_FEEDER
R0535,Srinagar to Keller,KEPT,RETAINED_AS_FEEDER
R0536,Keller to Srinagar,KEPT,RETAINED_AS_FEEDER
R0537,Keller to Srinagar,KEPT,MERGED_INTO_TRUNK
R0538,Achguze to Srinagar,KEPT,MERGED_INTO_TRUNK
R0539,Sangerwani to Srinagar,KEPT,RETAINED_AS_FEEDER
R0540,Pakherpora to Srinagar,KEPT,RETAINED_AS_FEEDER
R0541,Anantnagh to Srinagar,KEPT,UPGRADED_TO_TRUNK
R0542,Anantnagh to Srinagar,KEPT,MERGED_INTO_TRUNK
R0543,Anantnagh to Srinagar,KEPT,MERGED_INTO_TRUNK
R0544,Anantnagh to Srinagar,KEPT,MERGED_INTO_TRUNK
R0545,Anantnagh to Srinagar,KEPT,MERGED_INTO_TRUNK
R0546,Anantnagh to Srinagar,KEPT,MERGED_INTO_TRUNK
R0547,Anantnagh to Srinagar,KEPT,MERGED_INTO_TRUNK
R0548,Anantnagh to Srinagar,KEPT,MERGED_INTO_TRUNK
R0549,Anantnagh to Srinagar,KEPT,MERGED_INTO_TRUNK
R0550,Anantnagh to Srinagar,KEPT,MERGED_INTO_TRUNK
R0551,Phalgam to Anantnagh,KEPT,UPGRADED_TO_TRUNK
R0552,Mawan to Srinagar,KEPT,RETAINED_AS_FEEDER
R0553,Devsur to Srinagar,KEPT,RETAINED_AS_FEEDER
R0554,Lammer to Anantnagh,KEPT,MERGED_INTO_TRUNK
R0555,Kaprun to Srinagar,KEPT,MERGED_INTO_TRUNK
R0556,Chowgund to Srinagar,KEPT,MERGED_INTO_TRUNK
R0559,Vailo to Srinagar,KEPT,MERGED_INTO_TRUNK
R0560,Chakil Pora to Srinagar,KEPT,MERGED_INTO_TRUNK
R0561,Haftnar to Anantnagh,KEPT,UPGRADED_TO_TRUNK
R0562,Kherum to Anantnagh,KEPT,MERGED_INTO_TRUNK
R0563,Matigawran to Anantnag,KEPT,MERGED_INTO_TRUNK
R0564,Anantnagh to Shopian,KEPT,UPGRADED_TO_TRUNK
R0565,Srinagar to NEW Khanda,KEPT,RETAINED_AS_FEEDER
R0566,Srinagar to By Pass,KEPT,MERGED_INTO_TRUNK
R0567,Srinagar to Khrew,KEPT,RETAINED_AS_FEEDER
R0568,Srinagar to Khrew,KEPT,MERGED_INTO_TRUNK
R0569,Srinagar to Railway,KEPT,RETAINED_AS_FEEDER
R0570,Srinagar to Bypass,KEPT,RETAINED_AS_FEEDER
R0571,Srinagar to Gulabagh,KEPT,RETAINED_AS_FEEDER
R0572,Srinagar to Bypass,KEPT,MERGED_INTO_TRUNK
R0573,Srinagar to Ratnipura,KEPT,RETAINED_AS_FEEDER
R0574,Srinagar to Bypass,KEPT,MERGED_INTO_TRUNK
R0575,Srinagar to Buchpora,KEPT,RETAINED_AS_FEEDER
R0576,Srinagar to Pampore,KEPT,RETAINED_AS_FEEDER
R0577,Srinagar to Budgam,KEPT,RETAINED_AS_FEEDER
R0578,Srinagar to Pampore,KEPT,MERGED_INTO_TRUNK
R0579,Srinagar to Gund,KEPT,RETAINED_AS_FEEDER
R0580,Srinagar to Chadoora,KEPT,RETAINED_AS_FEEDER
R0581,Srinagar to Railway,KEPT,MERGED_INTO_TRUNK
R0582,Srinagar to Pampore,KEPT,MERGED_INTO_TRUNK
R0583,Srinagar to Bugam,KEPT,RETAINED_AS_FEEDER
R0584,Srinagar to Chadoora,KEPT,MERGED_INTO_TRUNK
R0585,Srinagar to Pampore,KEPT,MERGED_INTO_TRUNK
R0586,Srinagar to Bypass,KEPT,MERGED_INTO_TRUNK
R0587,Srinagar to Rasoo,KEPT,RETAINED_AS_FEEDER
R0588,Srinagar to Pampore,KEPT,MERGED_INTO_TRUNK
R0589,Srinagar to Harwan,KEPT,RETAINED_AS_FEEDER
R0590,Srinagar to Harwan,KEPT,MERGED_INTO_TRUNK
R0591,Srinagar to Pampore,KEPT,MERGED_INTO_TRUNK
R0592,Srinagar to NEW Khanda,KEPT,MERGED_INTO_TRUNK
R0593,Srinagar to Khrew,KEPT,MERGED_INTO_TRUNK
R0594,Srinagar to Pampore,KEPT,MERGED_INTO_TRUNK
R0595,Srinagar to Pampore,KEPT,MERGED_INTO_TRUNK
R0596,Srinagar to Gulabagh,KEPT,MERGED_INTO_TRUNK
R0597,Srinagar to Bypass,KEPT,MERGED_INTO_TRUNK
R0598,Srinagar to Ratnipura,KEPT,MERGED_INTO_TRUNK
R0599,Srinagar to Pampore,KEPT,MERGED_INTO_TRUNK
R0600,Srinagar to Ganderbal,KEPT,RETAINED_AS_FEEDER
R0601,Srinagar to Pampore,KEPT,MERGED_INTO_TRUNK
R0602,Srinagar to Budgam,KEPT,MERGED_INTO_TRUNK
R0603,Srinagar to Bypass,KEPT,MERGED_INTO_TRUNK
R0604,Srinagar to Gund,KEPT,MERGED_INTO_TRUNK
R0605,Srinagar to Railway,KEPT,MERGED_INTO_TRUNK
R0606,Srinagar to Pampore,KEPT,MERGED_INTO_TRUNK
R0607,Srinagar to Chadoora,KEPT,MERGED_INTO_TRUNK
R0608,Srinagar to Bugam,KEPT,MERGED_INTO_TRUNK
R0609,Srinagar to Pampore,KEPT,MERGED_INTO_TRUNK
R0610,Srinagar to Pampore,KEPT,MERGED_INTO_TRUNK
R0611,Srinagar to Pampore,KEPT,MERGED_INTO_TRUNK
R0612,Srinagar to Rasoo,KEPT,MERGED_INTO_TRUNK
R0613,Srinagar to Harwan,KEPT,MERGED_INTO_TRUNK
R0614,TRC Srinagar to Airport,KEPT,RETAINED_AS_FEEDER
SSCL-01,Parimpora to Harwan via Brein Nishat,KEPT,UPGRADED_TO_TRUNK
SSCL-02,Batamaloo to Nasrullah Pora via Jehangir Chowk Rambagh Hyderpora,KEPT,UPGRADED_TO_TRUNK
SSCL-03,Batamaloo to Hazratbal via Khanyar,KEPT,UPGRADED_TO_TRUNK
SSCL-04,Batamaloo to Chadoora Chowk via Jehangir Chowk,KEPT,UPGRADED_TO_TRUNK
SSCL-05,LD Hospital to Pandach via Jehangir Chowk Dalgate Khanyar,KEPT,UPGRADED_TO_TRUNK
SSCL-06,Pantha Chowk to Narbal Crossing via Sonwar Jehangir Chowk Qamarwari,KEPT,UPGRADED_TO_TRUNK
SSCL-07,Batamaloo to Drussu Pulwama via Marwal,KEPT,UPGRADED_TO_TRUNK
SSCL-08,Batamaloo to Budgam Railway Station via Khumeni Chowk,KEPT,UPGRADED_TO_TRUNK
SSCL-09,Parimpora to Naseem Bagh via Noorbagh Gojwara Mill Stop,KEPT,UPGRADED_TO_TRUNK
SSCL-10,Pantha Chowk to Agri Kalan Kanihama via Bypass,KEPT,UPGRADED_TO_TRUNK
SSCL-11,Old City Loop Downtown Srinagar,KEPT,UPGRADED_TO_TRUNK
SSCL-12,Rangreth to District Court Srinagar via Barzulla Jehangir Chowk,KEPT,UPGRADED_TO_TRUNK
SSCL-13,Batamaloo to Beehama Ganderbal via Hazratbal Zakura,KEPT,UPGRADED_TO_TRUNK
SSCL-14,TRC to Central University Ganderbal via Karan Nagar Zoonimar 90ft Road,KEPT,UPGRADED_TO_TRUNK
SSCL-15,TRC to Pulwama via Nowgam Kaanipora,KEPT,UPGRADED_TO_TRUNK
SSCL-16,Batamaloo Circular via Khonmoh,KEPT,UPGRADED_TO_TRUNK
SSCL-17,Batamaloo to Womens College Batpora via Rainawari,KEPT,UPGRADED_TO_TRUNK
SSCL-18,Jkpdc Jehangir Chowk to Wadwan,KEPT,UPGRADED_TO_TRUNK
SSCL-19,Pantha Chowk to Sumbal,KEPT,UPGRADED_TO_TRUNK
SSCL-20,Pantha Chowk to Safapora,KEPT,UPGRADED_TO_TRUNK
SSCL-21,Batamaloo to Arath,KEPT,UPGRADED_TO_TRUNK
SSCL-22,Batamaloo to Khrew Bus Stand,KEPT,UPGRADED_TO_TRUNK
SSCL-23,Batamaloo to Charesharief via Chadoora,KEPT,UPGRADED_TO_TRUNK
SSCL-24,Pantha Chowk to Palhalan via Sangrama Sopore,KEPT,UPGRADED_TO_TRUNK
SSCL-25,Batamaloo to Dadsara Tral via Awantipora,KEPT,UPGRADED_TO_TRUNK
SSCL-26,Batamaloo to Kangan via Hazratbal Manigam,KEPT,UPGRADED_TO_TRUNK
SSCL-27,Batamaloo to Manigam,KEPT,UPGRADED_TO_TRUNK
SSCL-28,Batamaloo to Pinglena Pampore via Galandar,KEPT,UPGRADED_TO_TRUNK
SSCL-29,Pantha Chowk to Panzinara,KEPT,UPGRADED_TO_TRUNK
SSCL-30,Batamaloo to Dc Office Budgam,KEPT,UPGRADED_TO_TRUNK
R0453,SRINAGAR to DARDPORA,DROPPED,origin_outside_bbox
R0462,SRINAGAR to KHOOR,DROPPED,origin_outside_bbox
R0463,SRINAGAR to HANDWARA,DROPPED,origin_outside_bbox
R0465,SRINAGAR to TREHGAM KUP,DROPPED,origin_outside_bbox
R0466,SRINAGAR to CHOWKIBAL,DROPPED,origin_outside_bbox
R0486,SRINAGAR to URI BARAMULLA,DROPPED,origin_outside_bbox
R0496,BANDIPORA to BARAMULLA,DROPPED,origin_outside_bbox
R0499,ZALOORA to SRINAGAR,DROPPED,origin_outside_bbox
R0501,BARAMULLA to SRINAGAR,DROPPED,origin_outside_bbox
R0502,URI to SRINAGAR,DROPPED,origin_outside_bbox
R0503,KAMALKOTE to BARAMULLA,DROPPED,origin_outside_bbox
R0504,GARKOTE to BARAMULLA,DROPPED,origin_outside_bbox
R0505,NAMBIA to BARAMULLA,DROPPED,origin_outside_bbox
R0506,FATHGATH to SRINAGAR,DROPPED,origin_outside_bbox
R0507,PEHILPORA to URI via BARAMULLA,DROPPED,origin_outside_bbox
R0508,KACHOO to BARAMULLA,DROPPED,origin_outside_bbox
R0511,BARAMULA to KUPWRA,DROPPED,origin_outside_bbox
R0512,KUPWARA to SRINAGAR,DROPPED,origin_outside_bbox
R0513,SOGAM to SRINAGAR,DROPPED,origin_outside_bbox
R0514,SRINAGAR to KUPWARA,DROPPED,origin_outside_bbox
R0515,KUPWARA to SRINAGAR,DROPPED,origin_outside_bbox
R0516,SRINAGAR to KAPWARA,DROPPED,origin_outside_bbox
R0557,SHANGUS to SRINAGAR,DROPPED,origin_outside_bbox
R0558,UTTERSOO to SRINAGAR,DROPPED,origin_outside_bbox
