"Route_Code","Real_RoadKM","Coord_OK","KM_Delta_Pct","Verdict","Reason","Sources"
"SRSR02022008","5-7","Yes","9","PASS","Jehangir Chowk to Bemina is a real ~5 km city corridor (Tribune cites 5 km straight; actual road routing via Rambagh/Qamarwari ~6-7 km). eng 6.545 matches real road distance; short intra-city route.","tribuneindia.com (Bemina-Jehangir Chowk travel); distancecalculator.globefeed.com"
"SRSR02020427","14-15","Yes","20","REVIEW","Real corridor (Batamaloo to Pantha Chowk). Pantha Chowk ~11 km from central Srinagar; Batamaloo to Pantha Chowk via Rambagh/bypass ~14-15 km. eng 17.436 runs ~17-20 percent high; coords sound (haversine ~11.4 km).","distancesfrom.com (Srinagar-Pantha Chowk 11 km); onefivenine.com Pantha Chowk"
"SRSR02020525","13-15","Yes","-1","PASS","Batamaloo Circular via Khonmoh. Khonmoh/Pantha Chowk industrial area dest (34.042,74.882) is ~13-15 km from Batamaloo via Pantha Chowk. eng 13.87 within tolerance; real corridor confirmed.","villagegram.in Khonmoh; onefivenine.com Pantha Chowk; distancesfrom.com"
"SRSR02022941","2.6-3","No","239","FAIL","Hazratbal to Lal Bazar real road distance is only ~2.6 km, but origin coord (34.111,74.747) is the Parimpora hub pin (lon 74.747), NOT Hazratbal (real ~34.13,74.84) - off ~9 km west. eng 8.808 is ~3x the real distance due to wrong origin coord.","distancesfrom.com (Hazratbal-Lal Bazar 2.6 km); en.wikipedia.org/wiki/Hazratbal (10 km from centre, on Dal north bank)"
"SRSR01020930","8-10","Yes","3","PASS","Soura to Qamarwari real corridor. Soura ~9 km N of Lal Chowk, Qamarwari ~5 km; between them ~8-10 km via Eidgah/Parimpora. eng 9.3 sound; coords correct.","en.wikipedia.org/wiki/Soura,_Srinagar; onefivenine.com Qamarwari"
"SRSR02020541","5-6","Yes","-18","PASS","Batamaloo to V.B. Women's College Rainawari (Batpora) real corridor. Haversine ~3.4 km; via-Rainawari winding road ~5-6 km. eng 4.508 slightly low but short intra-city route, small absolute error; coords land on the college area.","indiastudychannel.com (V.B. Women's College Rainawari); mappls.com Vishwa Bharti Womens College Rainawari"
"SRSR02023934","3.5-5","Yes","-7","PASS","Srinagar (centre) to Rasoo. Rasoo is a small north-Srinagar locality near Soura/Hazratbal; dest (34.105,74.810) lands consistently in north Srinagar. Haversine ~3.5 km, eng 4.174 plausible city distance. Name obscure but coord sound.","en.wikipedia.org/wiki/Soura,_Srinagar; en.wikipedia.org/wiki/Hazratbal"
"SRSR02012907","12-15","Yes","8","PASS","Parimpora to Naseem Bagh via Noorbagh/Gojwara/Mill Stop. North-Srinagar corridor (Parimpora 34.111,74.747 to Naseem Bagh 34.133,74.838). Haversine ~8.7 km; winding via-route ~12-15 km. eng 15.058 plausible for the named multi-stop path.","greaterkashmir.com (Shalteng-Parimpora-Qamarwari-Noorbagh route); mapcarta.com Noor Bagh"
"SRSR02020501","9-12","Yes","13","REVIEW","Batamaloo to Arath. Arath is an unverifiable minor locality; dest (34.041,74.847) lands in the SE-Srinagar Pantha Chowk/Lasjan corridor. Haversine ~6.9 km; via-route road ~9-12 km, so eng 12.395 plausible but the destination name could not be independently confirmed on any map source.","indiamapia.com Pantha Chowk; villagegram.in Khonmoh (no direct Arath source found)"
"SRPW02020501","18-21","Yes","-9","PASS","Batamaloo to Khrew Bus Stand. Khrew ~20-21 km from central Srinagar/Lal Chowk; dest (34.040,74.927) is the Khrew/Pampore SE area. eng 18.186 within tolerance (Batamaloo W of centre). Real corridor.","distancesfrom.com (Srinagar-Khrew); en.wikipedia.org/wiki/Khrew; distancebetween2.com pampore/khrew"
"SRPW02020503","22-25","Yes","-5","PASS","Batamaloo to Pinglena/Pampore via Galandar. Pampore ~14-17 km; Pinglena (33.999,74.940) is further S near Pulwama, with Galandar detour ~22-25 km. eng 22.233 sound; real corridor.","distancebetween2.com srinagar/pampore (14-17 km); onefivenine.com Kakapora (Pinglena nearby)"
"SRGB02010501","24-28","Yes","0","PASS","Batamaloo to Beehama Ganderbal via Hazratbal/Zakura. Ganderbal ~21 km from Srinagar; Beehama is the Ganderbal town hub; via Hazratbal/Zakura ~24-28 km. eng 26.584 spot-on; coords correct.","ganderbal.nic.in (Ganderbal 21 km from Srinagar); en.wikipedia.org/wiki/Ganderbal"
"KGSR03020539","48-65","Yes","16","REVIEW","Yaripora to Srinagar real corridor. Straight-line 45 km; direct road sources give ~48 km (distancesfrom) but that is implausibly close to the straight line for mountain roads. Realistic road via NH/Anantnag ~55-65 km. eng 64.929 is at the top of the plausible range (+16 percent vs 48 km midpoint cited); flagged for the soft endpoint distance.","distancebetween2.com srinagar/yaripora (45 km straight); distancesfrom.com (srinagar-yaripora ~48 km road); en.wikipedia.org/wiki/Yaripora"
"SRGB02020503","25-28","No","104","FAIL","Batamaloo to Manigam. Real Manigam (Lar, Ganderbal) coords are 34.2816,74.7996 and it is ~23 km from Srinagar (Ganderbal+10). The route's dest (34.2313,74.9537) is ~15 km too far EAST (lon 74.954 vs real 74.80, near Kangan/Sindh valley). eng 54.466 is more than double the real ~25-28 km due to wrong destination coordinate.","distancesfrom.com (Ganderbal-Manigam 10 km); onefivenine.com Manigam-A (Manigam 23 km from Srinagar; lat 34.2816 lon 74.7996)"
"KWSR03020539","101","Yes","4","PASS","Sogam (Lolab, Kupwara) to Srinagar via Kupwara/Sopore real corridor. distancesfrom gives 101 km by road; Sogam is ~11 km E of Kupwara HQ. eng 105.052 within tolerance; coords sound (Sogam 34.497,74.377).","distancesfrom.com (srinagar-Sogam 101 km); onefivenine.com Sogam; en.wikipedia.org/wiki/Lolab_Valley"
"SRBG02023905","30-35","Yes","2","PASS","Srinagar to Isganderpora (Iskenderpora, Beerwah/Khag area, Budgam). Beerwah ~27-35 km from Srinagar; Isganderpora is a Khag/Beerwah-side village further W (dest 34.026,74.568). eng 33.616 sound; haversine ~24 km, road via Beerwah ~30-35 km. Real corridor.","en.wikipedia.org/wiki/Beerwah,_Jammu_and_Kashmir (27-35 km); budgam.nic.in (Khag/Beerwah villages incl. Iskendepora)"
"BRBR02010101","45-58","Yes","-9","PASS","Kamalkote (Uri) to Baramulla via Uri real corridor. Kamalkote ~37 km W of Baramulla (onefivenine); via the Uri-Baramulla NH (Baramulla-Uri ~49 km, Kamalkote ~9 km short of Uri) the road is ~45-50 km. eng 45.819 within tolerance; coords (34.086,74.045) correct for Kamalkote near Uri/LoC.","onefivenine.com Kamalkote (37 km from Baramulla, nearest stop Uri 9 km); distancesfrom.com (Baramulla-Uri 49 km); en.wikipedia.org/wiki/Srinagar-Baramulla_highway"
"BRSR06020239","46-49","Yes","6","PASS","Sopore to Srinagar real corridor along NH. Multiple sources: 46-49 km by road. eng 50.022 within tolerance; coords (Sopore 34.287,74.463) correct.","distancesfrom.com (Srinagar-Sopore 46-47 km); distancebetween2.com sopore/srinagar (~49 km); en.wikipedia.org/wiki/Sopore"
